cafe,about,google_rating,google_review_count,evidence,evidence_url,routes_used,calls_used
11 Grams Coffee Roasters,"Small hidden-gem cafe in an old building with a Bridgerton-era theme; manual brews, tiramisu and pistachio croissants; wifi.",4.5,50,"Cozy small cafe; listed work-friendly with wifi; Bridgerton-era theme (aesthetic, loose); roasters in name, manual brews. No crowd cue. Zomato rating.",https://www.zomato.com/bangalore/11-grams-coffee-roasters-brigade-road-bangalore,"A,B",2
154 Breakfast Club,"Breakfast cafe since 2014, calls itself a community cafe; relaxed setting, all-day American breakfast.",4.2,3999,Own copy says community cafe where coffee meets food; 4.2 from 3999 votes on a platform.,https://154breakfast.club/,A,1
Adhira & Appa Coffee,Multi-outlet filter coffee brand with fusion food and bakes; no vibe cues found for this outlet.,,,Brand pages and mixed reviews give no vibe or crowd cue; one reviewer calls the fusion menu amateurish.,https://adhiraandappacoffee.com/,A|B,2
Ainmane Cafe And Speciality Store,"Small Coorg specialty coffee cafe and store in Indiranagar, barely five tables, with plug points.",4.3,67,"Billed as boutique store and cafe for specialty Coorg coffees; cozy, small, has plug points.",https://www.tripadvisor.in/Restaurant_Review-g297628-d19345998-Reviews-Ainmane_Cafe_and_Speciality_Stores-Bengaluru_Bangalore_District_Karnataka.html,A|B,2
Alchemy Coffee Roasters,"Jayanagar roaster-named cafe with bookshelf, lighting and beautiful interiors; small seating, has wifi.",4.2,1008,"Listing cites cozy atmosphere, bookshelf, wifi; reviews praise interiors. Roaster in name. No crowd cue; seating limited. Rating is Zomato-style listing.",https://www.zomato.com/bangalore/alchemy-coffee-roasters-jayanagar,A+B,2
Amagat Garden Cafe,"Garden-themed cafe in a converted old house; pot painting, plant sales, sourdough toasts.",4.6,91,Described as attractive garden-themed cafe in converted old house with pot painting; visitors note pleasant atmosphere.,https://magicpin.in/Bangalore/Ulsoor/Restaurant/Amagat-Garden-Cafe/store/15547b5/,A|B,2
Amare,"JP Nagar patisserie-cafe with French pastries, Korean buns and desserts; wifi, indoor and outdoor seating.",4.4,237,"Listing marks wifi, work-friendly and less noisy; reviewers praise desserts and coffee. Rating is Zomato dining.",https://www.zomato.com/bangalore/amare-4-jp-nagar-bangalore,A|B,2
Amintiri,"Stylish patisserie cafe on Church Street known for pull-up cakes and desserts; elegant decor, limited indoor seating, outdoor tables.",4.6,1627,"Reviews call ambience cozy and stylish; one visitor waited 40 minutes outside, so crowd inferred. Cold coffee called mediocre. Rating is Zomato.",https://www.zomato.com/bangalore/amintiri-church-street-bangalore,A+B,2
Anaia,Small cosy cafe near Indiranagar metro known for tea blends and quick bites.,4.5,793,"Listed as cosy, good for quick tea breaks and hangouts; reviews note loud talking, noise and crowds.",https://www.eazydiner.com/bengaluru/anaia-cafe-indiranagar-east-bengaluru-692358,A|B,2
Araku Coffee,"Indiranagar flagship with in-house roastery, Modbar, bookstore and architect-designed recycled-material interiors.",4.3,,Roastery and Modbar stated; bookstore and designed interiors are loose cozy and aesthetic hints. Tripadvisor 4.3.,https://lbb.in/bangalore/araku-cafe-bangalore/,A,1
Atta Galata,"Indian-language bookstore cafe in Indiranagar hosting book launches and workshops; cozy space for reading and working, minimal menu.",4.6,550,"Search summaries call it cozy, welcoming for reading, working and events; crowd of regulars, sometimes a little loud. Crowd left blank. Likely the bookstore cafe; rating source unclear.",https://www.zomato.com/bangalore/atta-galata-indiranagar-bangalore,A+B,2
BANOFFEE,All-day breakfast cafe in HSR with live music and sports screening.,4.4,4768,Reviews call it cozy; listing shows live music and live sports screening.,https://www.eazydiner.com/bengaluru/banoffee-cafe-hsr-south-bengaluru-669080,A|B,2
BRGR & BREWS,Burger-focused cafe in Koramangala with live music; no alcohol served.,4.3,,Reviewers call the ambience warm and cosy; listing shows live music.,https://www.eazydiner.com/bengaluru/brgr-brews-koramangala-6th-block-south-bengaluru-704018,A|B,2
Bagelstein,"French bagel brand outlet; bagels, sandwiches and artisanal coffee in a casual QSR-style format.",,,"Only launch press copy found: casual QSR format, warm energetic space. No customer reviews for this outlet.",https://www.apnnews.com/franchise-india-accelerates-bagelsteins-india-expansion-with-4th-store-launch-in-koramangala-bengaluru/,A+B,2
Bakeyard The Garden Cafe,"Garden cafe in Gunjur with roaming ducks and cats, open-air seating, wifi; peaceful green setting.",4.6,,"Reviews: cozy garden ambiance, peaceful green setting, peaceful vibe despite slow service in busy hours. Zomato 4.6.",https://www.zomato.com/bangalore/bakeyard-the-garden-cafe-varthur-main-road-whitefield-bangalore/reviews,A+B,2
Barista,Mass coffee chain open late (8am-1am) with indoor seating and desserts; listed as work-friendly.,4.5,,"Zomato-derived summary lists indoor seating, takeaway and work-friendly; Sadashiv Nagar 4.5, Koramangala 4.4.",https://www.zomato.com/bangalore/barista-coffee-sadashiv-nagar-bangalore,A,1
Beanlore,"Neighbourhood cafe roasting specialty beans in-house, with work tables, power outlets and an outdoor area.",4.3,273,"Cozy corners, work tables with power outlets, beans roasted in-house; reviews cite calm, peaceful, minimal noise, beautiful design. Rating is Swiggy.",https://www.swiggy.com/restaurants/bangalore/indiranagar/beanlore-coffee-roasters-1216218/dineout,A|B,2
Beku,"Cafe, bakery and bookstore in an old bungalow with trees and open-air seating.",4.6,489,"Reviews cite calm peaceful atmosphere, books, cozy feel; marked work friendly. Specialty lattes mentioned, not specialty coffee.",https://wanderlog.com/place/details/15825957/beku-cafe-bakery-bookstore,A|B,2
Belle Ville Pancake Cafe,Osaka pancake chain's first India outlet at Phoenix Marketcity; known for fluffy Japanese pancakes.,4.4,224,Ambience rated 4.6 and described as aesthetic by a review summary; no crowd or work cues. Rating is District.,https://www.district.in/dining/bangalore/belle-ville-pancake-cafe-1-mahadevapura-bangalore,A|B,2
Beyond Bean Coffee,Brigade Road cafe pairing coffee and bakes with real fruit ice cream; greenery view.,4.4,27,Described as cosy with warm ambience; a reviewer calls it calm and relaxed. Rating is District (27 ratings).,https://www.district.in/dining/bangalore/beyond-bean-coffee-brigade-road-bangalore,A|B,2
Big Cup Cafe,"Budget cafe with outdoor seating and wifi, popular with a young crowd; known for frappes and ice cream coffees.",4.3,393,"Listing shows wifi, outdoor area, young crowd. Brand site mentions Coorg roastery but not this outlet; specialty left unknown.",https://www.zomato.com/bangalore/big-cup-cafe-sanjay-nagar-bangalore,A+B+D,3
Bistro Claytopia,Homely paint-your-own-ceramics bistro with appealing interiors and outdoor seating; praised for cappuccinos. Justdial lists it as closed.,4.1,4191,"Described as warm, cozy, homely with appealing interiors; unique paint-and-dine. No crowd cue. One source says closed down; verify. Zomato rating.",https://www.zomato.com/bangalore/bistro-claytopia-koramangala-1st-block,"A,B",2
Bloom & Brreeze Cafe,"Women-founded cafe (opened 2026) pitching specialty coffee, brunch and desserts in a cozy setting; takeaway and delivery.",4.0,,"Own/listing copy: specialty coffee, artisan pizza, brunch, cozy ambience. One source says no seating. Zomato 4.0.",https://www.zomato.com/bangalore/bloom-brreeze-cafe-jakkur-bangalore,A+B,2
Blue Tokai Coffee Roasters,Roasts its own beans; cafes described as aesthetic with croissants and food.,,,Snippet cites aesthetic ambiance and own-roasted beans; Roasters in name.,https://wanderlog.com/place/details/9544686/blue-tokai-coffee-roasters,A,1
Bodhi Coffee,"Cafe on 14th Main, JP Nagar 2nd Phase serving coffee, desserts and continental food; no vibe text found.",,,Only Zomato listing basics found; review search returned other venues; own site returned nothing.,https://www.zomato.com/bangalore/bodhi-coffee-jp-nagar-bangalore,A|B|D,3
Bogineni Coffee,"Seegehalli casual cafe serving pizza, waffles and coffee, listed as work-friendly with indoor and outdoor seating.",4.2,1096,"Listing amenities: work-friendly environment, indoor and outdoor seating.",https://www.swiggy.com/restaurants/bangalore/seegehalli/bogineni-coffee-1065124/dineout/menu,A,1
Breads And Banter,"Comic-themed cafe in AECS Layout with board games, Friday open mics and baking classes.",4.4,1018,"Known for board games, open mics and a comic theme with subtle art; reviewers love the vibe.",https://www.zomato.com/bangalore/breads-and-banter-aecs-layout-bangalore,A|B,2
Brew Bakes Cafe,"Kalyan Nagar outlet of the BrewBakes chain; couple-friendly seating, books and indoor games.",4.0,48,"Reviewer calls it a place to hang out with friends; one review says quiet, creative ambience.",https://www.zomato.com/bangalore/brew-bakes-cafe-kalyan-nagar,A|B,2
Brew La Paix,"Calm Kalyan Nagar cafe founded 2025 with cosy seating, workspace and community events like open mics.",4.3,38,"Own site: cosy seating, work-friendly, open mics; says suits both quiet work and lively meetups, so crowd blank.",https://www.brewlapaix.com/,A|B|D,3
Brew Meister,Craft beer microbrewery and kitchen with a big rooftop in Jayanagar; a place to chat with friends over drinks.,4.0,8727,"Listed as cozy rooftop brewpub, good for groups of friends. Beer focus, no coffee evidence. Not a coffee cafe. Rating from Justdial-style listing.",https://www.zomato.com/bangalore/brew-meister-jayanagar,A+B,2
Brewing Untold Stories,"BTM brewery-cafe with pizza, pasta and handcrafted coffee; cabins with plug points, board games, live music.",4.6,327,"Cozy, catch up with friends, free wifi, plug-point cabins, live music. Peaceful and live-music cues conflict, so crowd blank. Rating EazyDiner.",https://www.eazydiner.com/bengaluru/brewing-untold-stories-btm-south-bengaluru-699861,A|B,2
Brewsom Coffee,"Kalyan Nagar coffee cafe branded as coffee roasters, with cozy homey decor, coffee blends and live music.",4.6,,"Reviewers cite cozy atmosphere and homey decor, knowledgeable staff on brewing; listing shows live music; site titled Third Generation Coffee Roasters.",https://brewsom.in/,A|B,2
Brewtroots Cafe,"HSR cafe serving coffee, juices, sandwiches and healthy food; little descriptive text found online.",4.2,206,"Only cuisine list, cost and rating found; no ambience or coffee-style cues in search snippets.",https://www.zomato.com/bangalore/hsr-restaurants/cafes?open=now&no-bar=1,A|B,2
Brunch Project,"Koramangala brunch cafe, bright and cozy; reviewers say good for working or hanging out with friends. Spanish Coffee is a must-try.",4.0,217,"Reviews: cozy and bright, great place to work or hang out with friends; Spanish Coffee listed as must-try. Zomato 4.0 (217).",https://www.zomato.com/bangalore/brunch-project-1-koramangala-4th-block-bangalore/reviews,A+B,2
Bubbles & Co.,Bellandur waffle and bubble tea shop that also serves coffee; no ambience cues found.,4.5,19,"Menu of waffles, bubble tea, shakes and coffee; reviews mention friendly staff only.",https://www.zomato.com/bangalore/bubbles-co-bellandur-bangalore,A,1
Burp,"Rooftop cafe with quirky decor, book rack and indoor games; known for shakes, pasta, fries.",4.1,1225,Described as cozy cafe; book rack with indoor games; quirky decor; wifi. Mixed notes on slow service.,https://www.zomato.com/bangalore/burp-new-bel-road,A+B,2
CAD - Coffee All Day,Small Brigade Road coffee shop with takeaway; flavoured cold coffees and quick service.,4.3,,Reviewer calls it a cozy little coffee shop; small space cannot seat large groups; takeaway available. Rating is Zomato dining.,https://www.zomato.com/bangalore/cad-coffee-all-day-brigade-road-bangalore,A|B,2
CHEBEL,"Patisserie-led cafe in JP Nagar with chic interiors, all-day breakfast, desserts and charcoal pasta.",4.3,190,Chic interiors and curated menu praised; creative desserts. No crowd or work cues; coffee not a distinct focus. Rating is magicpin; Zomato dining 4.1 (139).,https://www.zomato.com/bangalore/chebel-jp-nagar-bangalore,A|B,2
Cafe 60 Four 2.0,"Vegetarian cafe with Japanese-style floor cushion seating, waffles, pasta and burgers.",4.3,373,Free wifi and no minimum billing suit WFH; simple calming interiors; floor cushions. Rating is aggregator.,https://wanderlog.com/place/details/3372283/cafe-60-four,A|B,3
Cafe Aroma Express,"Vegetarian cafe in JP Nagar known for cappuccino, cortado, filter coffee, sandwiches and bakes.",4.4,21,Reviewer calls it a cosy cafe with delightful coffees. Rating is Zomato dining (21 reviews). Own site gave no ambience detail.,https://www.zomato.com/bangalore/cafe-aroma-express-jp-nagar-bangalore,A|B|D,3
Cafe Azzure,"Multi-level cafe with open-air rooftop seating, weekend brunch and music; pizza and pasta focus. Service inconsistent.",4.1,533,"Weekend brunch, good music, open-air seating hint at social; no quiet or lively cue stated. Zomato rating.",https://www.zomato.com/bangalore/cafe-azzure-yelahanka-bangalore,"A,B",2
Cafe Baha,"Casual cafe for pasta, sandwiches and mochas; reviewers call it cozy for catching up with friends.",4.5,284,"Reviews: cozy ambience, relaxed hangouts. Crowd blank: one review says calm, another overcrowded and noisy.",https://www.swiggy.com/restaurants/cafe-baha-bannerghatta-road-bangalore-995658/dineout,A+B,2
Cafe Coffee Day,Homegrown mass chain; described as a place to relax or hold quick meetings.,,,"Tripadvisor summary: relax or quick business meeting, nice atmosphere; not a clear vocab cue. Ratings 3.2-4.2.",https://www.tripadvisor.com/Restaurant_Review-g297628-d5068906-Reviews-Cafe_Coffee_Day-Bengaluru_Bangalore_District_Karnataka.html,A,1
Cafe Du L'Amour,"French-themed Koramangala cafe with rooftop seating and wifi; reviewers praise the design and a warm, inviting feel.",4.7,1119,"Reviews: French-themed aesthetics, warm inviting atmosphere, 'peaceful' in one review; romantic dining, rooftop seating. Rating 4.7 (1119).",https://restaurant-guru.in/Cafe-Du-LAmour-Bengaluru-2,A+B,2
Cafe Grey By Dongle & Co,"Third-floor cafe inside a Dongle co-working space in Indiranagar; bright, spacious interiors.",4.5,2753,Described as a co-working place with a full cafe; wifi listed; ambience called comfortable and relaxing. Rating is Zomato dining.,https://www.zomato.com/bangalore/cafe-grey-by-dongle-co-indiranagar-bangalore/reviews,A|B,2
Cafe Happy Place,"All-day breakfast and continental cafe, cozy, with wifi and large-group seating.",4.3,238,Reviews call ambience nice and cozy; wifi and large group seating listed. One review faults the cappuccino.,https://www.zomato.com/bangalore/cafe-happy-place-new-bel-road-bangalore,A+B,2
Cafe Lazy Lad,"Concept cafe with tropical vibe, continental food and terrace seating.",4.6,165,"Described as super cozy with free wifi; terrace open-air seating. Rating is Swiggy (165 ratings), not Google.",https://www.swiggy.com/restaurants/bangalore/frazer-town/cafe-lazy-lad-1037728/dineout,A|B,2
Cafe Medley,"Colourful cafe with terrace swings, plants and soft lights; bakery and all-day menu.",4.3,489,Described as cozy with cozy nooks and terrace seating; no crowd or coffee-craft cue.,https://www.tripadvisor.com/Restaurant_Review-g297628-d10471356-Reviews-Cafe_Medley-Bengaluru_Bangalore_District_Karnataka.html,A|B,2
Cafe Memoire,"Owner-designed Hulimavu cafe with greenery, board games and books, occasional karaoke nights; suits remote work.",4.3,81,"Sources call it cozy for work-from-home; board games, books, karaoke nights; relaxing modern decor. Crowd cues mixed.",https://www.district.in/dining/bangalore/cafe-memoire-bannerghatta-road-bangalore,A+B,2
Cafe Muziris,"Indiranagar cafe with all-day breakfast, a book library and free wifi; menu includes gingerbread latte.",4.4,330,"Cozy atmosphere, book library, free wifi, listed work-friendly. Reviewers call some drinks unique, too weak for experimental. Rating is Zomato.",https://www.tripadvisor.in/Restaurant_Review-g297628-d25570084-Reviews-Cafe_Muziris-Bengaluru_Bangalore_District_Karnataka.html,A|B,3
Cafe Noir,"Indiranagar French-Continental cafe listed as laptop-friendly with good wifi, suited to catch-ups and brunches.",4.2,2086,"Snippet: good WiFi, work-friendly, laptop-friendly, catching up with friends.",https://www.tripadvisor.com/Restaurant_Review-g297628-d26361505-Reviews-Cafe_Noir-Bengaluru_Bangalore_District_Karnataka.html,A,1
Cafe Petriqor,"Popular JP Nagar breakfast and continental cafe; wifi, work-from-cafe allowed; warm space for time with loved ones.",4.5,1861,Listing shows wifi and work from cafe; own copy describes a warm cup and memories with loved ones.,https://www.district.in/dining/bangalore/cafe-petriqor-jp-nagar-bangalore,A+B,2
Cafe Pink Pajamas,"Pastel-themed cafe in Kalyan Nagar serving pizza, burgers and pasta.",4.0,849,Reviewers call it cozy with beautiful decor and chic interiors; no crowd cue.,https://www.zomato.com/bangalore/cafe-pink-pajamas-kalyan-nagar,A|B,2
Cafe Plume,"French patisserie cafe in Indiranagar with colorful furniture, French books, board games and a phone-free, conversation-first concept.",4.4,76,"Listing says work-friendly; reviews call it quaint, comfortable, with books and games for conversation. Cold drinks called in-house specials only. Rating is Zomato.",https://www.zomato.com/bangalore/cafe-plume-indiranagar-bangalore,A+B,2
Cake House - Story Cafe,"House-turned-cafe with themed rooms, books, Korean food and cakes.",4.4,85,"Reviews cite books, free WiFi, a work-space room, and staff who do not rush guests.",https://lbb.in/bangalore/cake-house-story-cafe-kammanahalli/,A|B,2
Canvas And Beans,"Art cafe in Sahakara Nagar with sip-and-paint sessions, board games and hangout seating.",4.3,389,"Cozy ambiance with soulful decor, painting activities, board games, suited to hangouts and events. No crowd cue. Rating is Justdial; Zomato-style 3.9 (161). Site not fetched.",https://www.eazydiner.com/bengaluru/canvas-and-beans-sahakara-nagar-north-bengaluru-684876/about,A|B,2
Chaayos,Tea-led chain with customisable chai and snacks; no ambience cues found.,,,Results cover menu and locations only; Zomato listing name Chai+Snacks=Relax.,https://www.zomato.com/bangalore/chaayos-chai-snacks-relax-indiranagar-bangalore,A,1
Chai Days,"Tea-led open-air cafe in BTM, open till 2:30am, with wifi; busy and noisy, not cozy or quiet per a reviewer.",4.3,1111,"Listing: spot for late-night conversations, wifi; review summary: busy, quite noisy open setup, not cozy or quiet.",https://restaurant-guru.in/Chai-Days-Bengaluru,A+B,2
Chai Galli,"Retro chai cafe with swing chairs and vintage Parle-G decor; cutting chai praised, coffee not a focus.",4.4,743,"Reviewers: good, cozy ambience; unique seating and decor with swing chairs and vintage biscuit packs. 4.4 from 743 ratings.",https://www.justdial.com/Bangalore/Chai-Galli-Jp-Nagar/080PXX80-XX80-230127220911-H8T1_BZDET,A+B,2
Chai Nagri,"Vegetarian chai and snack spot on 80 Feet Road, open very late; reviewers cite cozy setting, interesting decor, good music, wifi.",4.3,535,"Review summary: cozy setting, interesting decor, cool ambience, good music; late-night hours. Justdial 4.3 (535); Zomato dining 4.4 (63).",https://restaurant-guru.in/Chai-Nagri-Koramangala-Bengaluru,A+B,2
Chai Point,"Tea-led chain in metro stations, business parks and offices; known for ginger chai.",,,Locations at metro stations and business parks suggest grab-and-go; ratings 3.7-4.8 across platforms.,https://indiranagar.chaipoint.com/,A,1
Chai Point - Bellandur,"Tea-led cafe chain outlet with takeaway, quick bites and delivery.",4.1,,"Brand offers takeaway and quick bites; no ambience cues. Chain, one search.",https://www.district.in/dining/bangalore/chai-point-18-bellandur-bangalore,A,1
Champaca,"Bookstore, library and cafe; cosy reading room; tranquil, peaceful; limited seating at weekends.",4.4,,"Search snippet: cosy reading room, tranquil and peaceful atmosphere (rating 4.4 is Zomato/platform)",https://www.zomato.com/bangalore/champaca-cunningham-road-bangalore,A,1
Chaska Bun Cafe & Lounge,"Jayanagar cafe-lounge serving buns and tea, with live music.",4.3,4,"Listing notes live music; few reviews, none about ambience.",https://www.zomato.com/bangalore/chaska-bun-cafe-lounge-jayanagar-bangalore,A|B,2
Chelvies Coffee,"Indiranagar coffee cafe open late, with board games, wifi and a wide coffee and food menu.",4.5,1001,"Listing: wifi, board games, work-friendly; reviewers cite cozy, calm ambience. Rating is Zomato dining.",https://www.zomato.com/bangalore/chelvies-coffee-indiranagar-bangalore/reviews,A|B,2
Chin Lung Brewery,"Two-floor brewpub on 100 Feet Road with karaoke, live screenings and house-brewed beer.",4.1,7335,"Described as lively brewpub with loud karaoke and live screenings. Beer-focused, not coffee.",https://www.explorebangalore.com/breweries/chin-lung-brewery,A,1
Clean Slate Cafe,"Small 10-seat Malleshwaram cafe with board games and a cozy, student-friendly feel.",4.3,,"Tripadvisor summary: cozy, student-friendly atmosphere, inviting decor, board games.",https://www.tripadvisor.in/Restaurant_Review-g297628-d15553832-Reviews-Clean_Slate_Cafe-Bengaluru_Bangalore_District_Karnataka.html,A,1
Coffea,"Small veg cafe with coffee, sandwiches and pizza; one reviewer calls it a premium aesthetic cafe.",4.3,28,One review praises aesthetic seating; another found it small and congested (not a crowd cue). Thin evidence.,https://www.zomato.com/bangalore/coffea-bannerghatta-road-bangalore,A+B,2
Coffea Brew On The Rocks,"Cafe near Nexus Koramangala serving coffee, pizza, pasta and desserts; part of a multi-city Coffea brand.",4.6,103,"Only menu and rating details; no ambience, work or crowd cues. Rating is Justdial; Zomato dining 3.9 (14).",https://www.zomato.com/bangalore/coffea-brew-on-the-rocks-koramangala-7th-block-bangalore,A|B,2
Coffee And Crypto,"Jayanagar cafe with books, plug points and free WiFi, pasta and coffee menu.",4.3,153,"Reviews call it a place to work, read or hold meetings, with books and plug points.",https://www.justdial.com/Bangalore/Coffee-Crypto-Ashoka-Pillar-Road/080PXX80-XX80-230116181156-I7U1_BZDET,A|B,2
Coffee Brewery,"Family-oriented chain pitching co-working, board games and a mini library; bean to cup.",,,"Own copy: uninterrupted co-working, board games, mini library, kids friendly; six Bengaluru outlets.",https://www.thecoffeebrewery.com/store/coffee_brewery_bellandur,A,1
Coffee Chemistry,"Chemistry-themed coffee cafe claiming 365 coffee varieties, with a coffee platter and cozy ambiance.",4.1,57,"Billed as only place with 365 coffee varieties; reviewers cite chemistry-themed presentation, interesting flavour mix, cozy ambiance. Rating is Zomato dining.",https://www.zomato.com/bangalore/coffee-chemistry-jayanagar-bangalore/reviews,A|B,2
Coffee Mechanics,"Specialty cafe from a vertically integrated Chikmagalur estate brand, roasting in-house; laptop-friendly, design-led space popular with tech workers.",4.4,174,"Listed as specialty coffee with pour-overs and nitro; laptop-friendly; reviewers note noisy, cramped peak hours. Rating is Zomato.",https://www.zomato.com/bangalore/coffee-mechanics-2-kadubeesanahalli-bangalore,A+B,2
Colates Cafe,"Peaceful Ulsoor cafe with indoor and outdoor seating, board games and group seating; good for hanging out, working or meeting friends.",4.8,320,"Board games, large group seating; described as peaceful spot for hanging out, working and socializing. Coffee called okayish. EazyDiner rating.",https://www.eazydiner.com/bengaluru/colates-cafe-ulsoor-east-bengaluru-694975,"A,B",2
Costa Coffee,"Chain with 11 Bengaluru outlets; reviews mixed, decent coffee; no ambience cues.",3.9,,Tripadvisor 80 Feet Rd outlet 3.9; feedback is on coffee and prices only.,https://www.tripadvisor.in/Restaurant_Review-g297628-d7009998-Reviews-Costa_Coffee-Bengaluru_Bangalore_District_Karnataka.html,A,1
Craft - Hyatt Centric Hebbal Bengaluru,"Hotel deli, cafe and craft bar in Hebbal; airy contemporary space with wifi, suited to quick bites and leisurely meals.",4.2,55,"Listing shows wifi; review calls ambience airy and ideal for quick bites. Cafe by day, craft bar by night; crowd left blank. Rating is District.",https://www.zomato.com/bangalore/craft-hyatt-centric-hebbal-bengaluru-hebbal-bangalore,A+B,2
Cremeux Pizza & Bakery Cafe,"BTM bakery cafe known for thin-crust pizza, desserts and tiramisu; friendly, relaxed service.",4.6,113,Reviews describe very cozy ambience and relaxed setting. Rating is Zomato/District (113 ratings).,https://www.district.in/dining/bangalore/cremeux-pizza-bakery-cafe-btm-bangalore,A|B,2
Daymonthyear,"HSR cafe with Korean and Italian items, bagels and matcha; wine bar after 8 PM.",4.3,265,"Reviews praise coffee, matcha and service; no vibe or crowd cue found.",https://www.zomato.com/bangalore/daymonthyear-hsr-bangalore,A|B,2
"Delifrance - Cafe, Sandwiches & Coffee",French bakery and bistro brand with a Thubarahalli outlet near Marathahalli; no ambience detail found.,4.1,,"Only cuisine, cost and Zomato rating found; no vibe or coffee-style cues. Brand search only.",https://www.zomato.com/bangalore/marathahalli-restaurants/cafes,A,1
Demitasse Coffee,"Small bungalow community cafe focused on slow-brew coffee, study desks and homemade bites.",4.6,,"Own site: quiet focused room, desks, sockets, fast wifi. Specialty slow-brew; creative drinks like a lemon espresso shooter.",https://demitasse-coffee.vercel.app/,A|B|D,3
Dialogues Cafe,"Koramangala cafe with library, board games, events and workshops; wifi and rooftop seating.",4.7,22,"Described as place to meet and share ideas; wifi, library, events; one review calls it quiet and calm to work.",https://www.tripadvisor.com/Restaurant_Review-g297628-d10339235-Reviews-Dialogues_Cafe_Koramangala-Bengaluru_Bangalore_District_Karnataka.html,A|B|D,3
Dyu Art Cafe,"Art-gallery cafe with Kerala-style courtyard, free exhibitions and a book corner; wifi and laptop-friendly seats.",4.5,,"Artistic interiors, book corner, wifi, laptop-friendly seats; reviews say frequently crowded yet relaxing, so crowd blank. Zomato 4.5 (Tripadvisor 4.2, 116).",https://dyuartcafe.com/,"A,B",2
Eddy's Cafe,"Pet-friendly neighbourhood breakfast cafe with outdoor seating, free wifi and a warm, relaxed feel.",4.4,273,"Reviews: cozy, warm ambience; listings show work-friendly and free wifi. Site adds nothing on noise or coffee.",https://lbb.in/bangalore/pet-friendly-cafe-eddys-cafe-indiranagar/,A+B+D,3
Espressoulster Coffee,"Koramangala artisanal coffee cafe with siphon brewing, comfortable seating and power sockets.",4.7,296,"Self-described premium artisanal coffee; siphon coffee praised; reviewers cite peaceful, cozy, sockets, wifi. Rating is Zomato dining.",https://www.zomato.com/bangalore/espressoulster-coffee-2-koramangala-4th-block-bangalore/reviews,A|B,2
Eywa,"Banashankari cafe known for eggless bakes and specialty coffee, with a community and co-working space.",4.6,686,Listed as specialty coffee cafe with serene community and co-working space; reviewers cite calm ambiance. Rating is EazyDiner.,https://www.eazydiner.com/bengaluru/eywa-cafe-basavanagudi-south-bengaluru-703243,A|B,2
F5 - Hilton Embassy Manyata Business Park,"Hotel all-day dining and buffet restaurant at Manyata Tech Park; spacious, well lit, suited to family meals and group outings.",4.3,523,"Known for group outings and family meals; reviewers report crowded, noisy conditions at busy hours. Buffet restaurant, no coffee cue. Rating is Swiggy.",https://www.zomato.com/bangalore/f5-hilton-embassy-manyata-business-park-nagawara-bangalore,A+B,2
Fast Coffee,"Koramangala coffee brand roasting farm-sourced beans, with minimalist calming decor, quick service and plug points.",4.4,75,"Reviews: calming minimalist decor, great place to work; own site: roasted beans, grab-and-go speed.",https://fastcoffee.in/,A|B|D,3
Fika Sip Savor,"Small Sahakara Nagar cafe with plants and wall paintings, serving coffee, toasts and sandwiches.",4.7,412,"Reviewers describe a cozy atmosphere with wall paintings and plants. Guests mention specialty coffees only in passing, so specialty unknown. Rating is Zomato dining.",https://www.zomato.com/bangalore/fika-sip-savor-sahakara-nagar-bangalore/reviews,A|B,2
Fresh Pressery Cafe,"Healthy cafe known for salads, sourdough toasts and cold-pressed juices; peaceful, aesthetic space.",4.4,328,"Reviewers cite a peaceful, aesthetic ambiance; listed work-friendly with outdoor seating. Coffee not a focus. Rating is Zomato dining.",https://www.zomato.com/bangalore/fresh-pressery-cafe-koramangala-5th-block/reviews,A|B,2
"Frozen Bottle - Milkshakes, Desserts And Ice Cream",Milkshake and ice cream brand with about 66 Bengaluru outlets (CSV says standalone); no ambience or coffee cues found.,,,"Sources describe premium ice cream, thick shakes and sundaes only; no vibe, crowd or coffee cues. One search used since it is a multi-outlet brand.",https://www.zomato.com/bangalore/frozen-bottle-milkshakes-desserts-and-ice-cream-nagawara-bangalore,A,1
Glen's Bakehouse,"Old-school Bengaluru bakery chain with rustic, classy 60s-style decor; known for desserts, cheesecakes and croissants.",4.4,12659,"Rustic posh decor described (loose aesthetic hint); no crowd or coffee-craft cue. Rating from Restaurant Guru, not Google.",https://restaurant-guru.in/Glens-Bakehouse-Bengaluru,"A (1 errored, 1 retry)",2
Go Native,"Farm-to-table vegetarian restaurant and lifestyle store on Lavelle Road, with outdoor seating.",4.7,556,Reviewers call ambience calm and thoughtful; listing praises lovely interior with outdoor seating.,https://www.zomato.com/bangalore/go-native-1-lavelle-road-bangalore/reviews,A|B,2
Goodluck Resto Cafe,"Small Bannerghatta Road cafe with intimate seating, shakes, pasta and sandwiches; quiet atmosphere and wifi.",4.3,63,"Listing cites intimate seating, quiet atmosphere and wifi. Menu is shakes and fast food, no coffee-specialty cue. Rating is Zomato dining.",https://www.zomato.com/bangalore/goodluck-resto-cafe-bannerghatta-road-bangalore,A,1
Got Tea,"Matcha and bubble tea chain with Korean-style treats; mostly tea, not coffee. No vibe cue in snippets.",,,"Snippets cover outlets and products only; no ambience, crowd or coffee-craft cue.",https://www.district.in/dining/bangalore/got-tea-kalyan-nagar-bangalore,"A (1 errored, 1 usable)",1
Great Britain Waffle,"Budget waffle and pancake cafe in Kammanahalli, described in its listing as cozy.",4.2,5,Listing blurb calls it a cozy cafe; reviews cover waffles only.,https://magicpin.in/Bangalore/Kammanahalli/Restaurant/Great-Britain-Waffle/store/170b9a2/vouchers,A|B,2
Green Bean Coffee,"Cafe with indoor and outdoor seating, books and board games, free wifi; reviewers call it cosy and warm.",4.5,617,"Reviewer: 'most cosy place in this area'; books, novels, board games, free wifi listed. Rating is Swiggy (Zomato 4.6, 272).",https://www.zomato.com/bangalore/green-bean-coffee-2-kanakapura-road-bangalore/reviews,A+B,2
Ground Up Coffee,"Jayanagar cafe with its own roastery; small-batch roasted 100% Arabica, in-house grinding.",4.7,120,"Roasts 100% Arabica in small batches with own roastery; reviews say cozy; wifi listed. Limited seating noted, no quiet or lively cue.",https://www.justdial.com/Bangalore/Ground-Up-Coffee-And-Roastery/080PXX80-XX80-220511012716-M7I7_BZDET/reviews,A|B,2
Gulheera Coffee,BTM cafe with an espresso tonic on the menu; a reviewer calls it a great place to hang out.,4.5,198,Menu lists Espresso Tonic; review says great place to hangout.,https://www.eazydiner.com/bengaluru/gulheera-btm-south-bengaluru-702906,A|B,2
Happiness Dhaba - Truly North Indian,"Vegetarian North Indian dhaba-style restaurant, not a coffee cafe; no vibe cues found.",4.1,146,Family-friendly dhaba with takeaway; no cafe vibe cues.,https://www.district.in/dining/bangalore/happiness-dhaba-truly-north-indian-sahakara-nagar-bangalore,A,1
Hatti Kaapi,"South Indian filter coffee chain, about 20 outlets; says it roasts its own beans.",,,"Snippet says they roast own espresso beans; menu is Mysuru kaapi, Bella kaapi. Tripadvisor 4.1-4.2. No ambience cues.",https://yappe.in/karnataka/bengaluru/hatti-kaapi/44551,A,1
Healthy Fuel Cafe,"Hennur healthy-food cafe known for waffles, parfaits and smoothies; simple interior, friendly staff.",4.5,50,Reviews praise ambience and brunch but give no usable vibe cue; own site URL returned 404. Rating is Zomato dining.,https://www.zomato.com/bangalore/healthy-fuel-cafe-1-hennur-bangalore/reviews,A|B|D,3
HumbleBean Coffee,"Indiranagar coffee and patisserie cafe with a brew bar; reviewers describe a cozy, minimalist space.",4.1,123,"Reviews: cozy and minimalist ambiance, extensive brew bar, manual brews; coffee-quality expertise.",https://www.zomato.com/bangalore/humblebean-coffee-indiranagar-bangalore/reviews,A|B,2
Hustle,"HSR cafe with board games, outdoor seating and oat milk options; seen as good for work or hanging out.",4.5,1203,"Praised for cozy ambiance and board games; good to read, hang out or work. Seating called congested, not a clear crowd cue.",https://awifiplace.com/cafes/cafe-hustle-bengaluru,A|B,2
IDC Kitchen,"South Indian tiffin restaurant known for idli, dosa and filter coffee; no ambience cues found.",4.7,11000,Udupi-style tiffin restaurant; snippet gives food cues only. Rating is for Basavanagudi outlet.,https://www.swiggy.com/city/bangalore/idc-kitchen,A,1
IKOI Tokyo,Japanese cafe-bakery known for melon pan and Tokyo cold brew; free wifi.,4.4,595,Listing shows free wifi; ambience described as good. No crowd cue. Own site is an expired domain.,https://www.eazydiner.com/bengaluru/ikoi-tokyo-jp-nagar-south-bengaluru-708325,A|B|D,3
Isobel,"Jayanagar coffee lounge and caffeine bar open 8AM-1AM serving limited-edition coffees, continental and Italian food.",4.5,2327,Listed work-friendly; reviewer says nice to relax or work; ambiance and decor praised. Limited-edition coffee claim unproven. Site fetch failed (certificate error). Rating is Justdial.,https://www.zomato.com/bangalore/isobel-1-jayanagar-bangalore/reviews,A|B|D,3
Jus' Trufs,"Chocolate house and cafe in Jakkur offering bakes, burgers and chocolate tours.",4.2,,"Tripadvisor review calls it cozy and peaceful, a hangout for friends and family.",https://www.tripadvisor.com/Restaurant_Review-g297628-d5069164-Reviews-Jus_Trufs-Bengaluru_Bangalore_District_Karnataka.html,A|B,2
Kana By Coffee Mechanics,"Green, red-brick cafe with brick oven in HBR Layout, linked to the Coffee Mechanics roastery.",4.5,857,Cozy foliage-filled outdoor setting; parent Coffee Mechanics has a cafe and roastery (specialty from parent brand). Rating Zomato dining.,https://www.zomato.com/bangalore/kana-by-coffee-mechanics-hbr-layout-bangalore,A|B,2
Kathe speciality coffee,"HSR specialty coffee cafe pitched as between home and office, with work combos and creative drinks.",4.3,17,"Site: work, read, catch up with friends; single-origin; Coconut Matcha Cloud, Spanish latte. Review: homely.",https://kathecoffeeblr.in/,A|B|D,3
Kerbside Bistro,Cosy chic cafe-bistro in Sadashiv Nagar with three seating sections; continental and desserts.,4.7,230,Listing calls it cosy chic; reviewers praise beautiful cozy ambiance. No crowd cue.,https://www.swiggy.com/restaurants/bangalore/sadashiva-nagar/kerbside-bistro-1280673/dineout,A|B,3
Korero Coffee Roasters,"Pet-friendly coffee roaster cafe on HSR's first floor; very few reviews online, no ambience details found.",4.3,7,"Roasters in name; search shows only listing basics and 7 reviews; no vibe, crowd or menu cue. Zomato rating.",https://www.zomato.com/bangalore/korero-coffee-roasters-1-hsr-bangalore,"A,B",2
Kreme Kultura,"Upscale Italian-styled third-place cafe with free wifi, power outlets, single-origin third wave coffee.",3.7,4,"Site: free high-speed wifi, outlets, day passes; 100% single-origin Arabica, V60, Chemex; elegant Italian aesthetics.",https://kremekultura.com/,A|B|D,3
Krispy Kreme,Doughnut and coffee chain outlet in Mantri Square mall with group seating.,3.7,144,"Mall outlet, large group seating; no ambience cues.",https://www.zomato.com/bangalore/krispy-kreme-malleshwaram,A,1
La Grace - The Caffeine House,"Koramangala cafe open 9AM-3AM with books, artisanal coffee, food and events; late-night hangout.",4.8,18,"Reviewer cites cozy vibe, good books, ideal for reading and working; self-described hanging spot with events. Reading vs late-night hangout, so crowd blank. Rating is Justdial.",https://www.district.in/dining/bangalore/la-grace-the-caffeine-house-koramangala-5th-block-bangalore,A|B,2
La Roi,"Small cozy bakery cafe in HSR with well-curated desserts, pastas and coffee; warm ambience, good for friends.",4.3,93,"Sources say small cozy cafe, warm ambience, good for hanging out with friends over coffee. No crowd or coffee-specialty cue. Rating is Zomato.",https://www.zomato.com/bangalore/la-roi-hsr-bangalore,A+B,2
La Roserie,"French-style cafe in HBR Layout with indoor and outdoor seating; reviewers call the ambience cute, no clear cue.",4.4,58,Reviews mention cute ambience and warm staff; no tag-vocabulary cue.,https://www.eazydiner.com/bengaluru/la-roserie-kalyan-nagar-north-bengaluru-708358,A|B,2
La Truffle Aroma,"Patisserie cafe known for eggless cheesecakes and Korean buns; cozy, with pretty interiors and soft music.",4.6,23,"Reviews praise cozy ambiance, call it a hangout spot, mention beautiful interior and soft songs.",https://www.district.in/dining/bangalore/la-truffle-aroma-1-kadubeesanahalli-bangalore,A+B,2
Lahe Lahe Santhe,"Cultural space with cafe, pottery studio and retail; hosts jazz, open mic, game nights and dance workshops.",4.3,38,"Reviews stress community, events, game night; pottery studio and DIY corner hint at art. Food is home-style.",https://lbb.in/bangalore/lahe-lahe-santhe-indiranagar/,A+B,2
Lavonne,"Award-winning bakery cafe with warm, inviting ambiance, indoor and outdoor seating; known for pastries and cakes.",,,Search summary: ambiance warm and inviting with indoor and outdoor seating; coffee not highlighted.,https://lavonnecafe.com/,A,1
Lazy Suzy,"Bungalow cafe in Indiranagar with photogenic yellow-blue decor, soft lighting, known for brunch, desserts and hot chocolate.",4.4,1773,"Sources say warm, cozy vibe and photogenic interiors; very crowded with 45-60 minute weekend waits. Rating is Zomato.",https://www.zomato.com/bangalore/lazy-suzy-indiranagar,A+B,2
Le Celebration Patiesserie And Cafe,Bakery and all-day breakfast cafe near Lake Varandah; large-group seating; reviewer liked coffee and service.,4.2,32,Listing shows large group seating and all-day breakfast; one review praises breakfast and coffee. Thin evidence.,https://www.zomato.com/bangalore/le-celebration-patiesserie-and-cafe-bommanahalli-bangalore,A+B,2
Levista Gourmet Studio,"Metro-station cafe outlet with wifi, takeaway and drive-thru; reviews say pleasant ambiance for quick meals or working; service slow.",4.1,31,"Metro station location, takeaway; reviewers say suitable for quick meals or working; wifi listed. Good filter and cold coffee. Zomato rating.",https://www.zomato.com/bangalore/levista-gourmet-studio-mg-road-bangalore,"A,B",2
Lucid Dreams Coffee,Small minimalist black-and-grey cafe in quiet Koramangala bylanes; monthly changing coffee and matcha creations; work and pet friendly.,4.5,45,"Listed work friendly; minimalistic ambience; quiet bylanes, calm unhurried; reviewer calls it specialty coffee; menu changes monthly. Zomato rating.",https://www.zomato.com/bangalore/lucid-dreams-coffee-koramangala-5th-block-bangalore,"A,B",2
"MOBA - Bubble Tea's, Korean Food & More","Hennur spot for bubble tea, Korean dishes and momos.",4.3,66,One review calls the vibe warm and cozy; no crowd or coffee cue.,https://www.zomato.com/bangalore/moba-bubble-teas-korean-food-more-hennur-bangalore,A|B,2
Mad Doh Sourdough Pizzeria & Bakes,"Sourdough pizzeria brand; results cover Whitefield and RR Nagar outlets, Electronic City outlet not found. Tags left blank.",,,"Search found other outlets only (Electronic City listed as opening soon); brand copy says chic, contemporary look. Not applied to this outlet.",https://www.swiggy.com/restaurants/mad-doh-sourdough-pizzeria-and-bakes-kadugodi-bangalore-1122520/dineout,A,1
Magnolia Bakery,"American dessert bakery known for tres leches, banana pudding and cupcakes; aesthetic but small space with limited seating, wifi.",4.4,303,Ambience described as aesthetic; limited seating and peak waits noted but no clear crowd cue. Rating from Magicpin (Tripadvisor 4.7).,https://www.tripadvisor.in/Restaurant_Review-g297628-d28159441-Reviews-Magnolia_Bakery-Bengaluru_Bangalore_District_Karnataka.html,"A,B",2
Mai Matcha Haus,"Small matcha-focused cafe in Koramangala with hojicha, bakes and a limited coffee list.",4.2,12,"Reviewers call it a cozy cute cafe with peaceful, calm vibes and cosy ambience.",https://www.zomato.com/bangalore/mai-matcha-haus-koramangala-5th-block-bangalore/reviews,A|B,2
Masala Chai,"Small self-service chai cafe in Brigade Metropolis; Bombay sandwiches, omelettes; fast service; takeaway-friendly.",4.2,,"LBB and Tripadvisor: self-service, fast service, little crowded in evenings, plenty of seating.",https://lbb.in/bangalore/masala-chai-whitefield/,A,1
Matteo Coffea,"Large Church Street cafe described as peaceful, with room to sit and work.",4.5,,"Listing: peaceful ambience, plenty of room to sit back and work. Zomato 4.5; Tripadvisor 4.1.",https://www.zomato.com/bangalore/matteo-coffea-church-street,A,1
Maverick & Farmer Coffee,Farm-to-cup Coorg roaster cafe inside a bike showroom; games and books for hanging out.,4.5,176,"Reviews: hang out with friends, games and books. Site: daily roasted single-estate beans, experimental ferments, mushroom coffee.",https://www.maverickandfarmer.com/,A|B|D,3
Maxburn Cafe,"Koramangala cafe with pasta, brownies and coffee; comfortable chairs.",4.3,25,"Zomato lists WiFi and ambience praise; one review says beans are high quality, no specialty claim.",https://www.zomato.com/bangalore/maxburn-cafe-koramangala-4th-block-bangalore,A|B,2
Meloghrano,"Vegetarian Italian cafe and gelataria in Basavanagudi, described as cozy with pastel aesthetics and fresh-baked sourdough.",4.6,708,"Reviews call it charming, cozy, pastel and very aesthetic; 4.5 ambience rating.",https://wanderlog.com/place/details/14261791/meloghrano,A|A|B,3
Melt N' Brew,"Small HSR cafe with V60, French press and Vietnamese coffee plus toasties and matcha; listed as temporarily closed for dining.",4.8,340,"Reviewers call ambience warm, cozy and beautifully designed, a tiny cozy cafe. Rating is Zomato dining.",https://www.zomato.com/bangalore/melt-n-brew-hsr-bangalore/reviews,A|B,2
Mipi Lounge,"Spacious Mysore Road lounge with indoor and lawn seating, wifi and QR menus; reviewers describe a cozy chill vibe.",4.4,78,"Reviewers: spacious airy layout, cozy chill vibe; listing: lawn space to unwind in a peaceful setting. Ambience score 4.7.",https://restaurant-guru.in/MiPi-Lounge-Bengaluru,A+B,2
Mitico Coffee Roasters,"Cozy Koramangala coffee roaster with wifi, a coworking option and a no-laptop rule on weekends.",4.5,1000,"Cozy ambience; wifi, work-friendly listing, coworking passes (laptops barred weekends). Roaster in name. No crowd cue. Rating is Google as quoted, count is 'over 1,000'.",https://www.zomato.com/bangalore/mitico-coffee-roasters-koramangala-5th-block-bangalore,A|B,2
MixNosh,Art cafe offering resin art and sneaker customisation workshops and book club sessions.,,,Billed as sneaker and resin art cafe; workshops and book club sessions.,https://mixnosh.in/,A,1
Moi Bakehouse,"Delivery-only bakery serving cakes, brownies and coffee from a residential villa; no dine-in cues found.",3.8,,"Search shows delivery-only operation; no ambience, crowd or coffee-craft cue. Zomato rating.",https://www.zomato.com/bangalore/moi-bakehouse-hsr-bangalore/menu,A,1
Moo Cha Kura,"Koramangala matcha, tea and coffee spot with a cozy, peaceful ambience; known for mango matcha and Japanese hot jelly coffee.",4.5,34,"Reviewers say cozy vibe, feels like home, peaceful ambience; Japanese hot jelly coffee called a must-try, a loosely fusion drink. Rating is Zomato.",https://www.zomato.com/bangalore/moo-cha-kura-koramangala-6th-block-bangalore,A+B,2
Mustard Bakehouse,"Bakehouse cafe in Jayanagar with pizza, burgers and baked goods.",4.3,,Zomato lists it as work-friendly; own site says nothing on coffee or atmosphere.,https://www.zomato.com/bangalore/mustard-bakehouse-jayanagar-bangalore,A|B|D,3
Mūru Mūru,"Homely Indiranagar cafe styled after old Bangalore houses; good for friends and work, with indoor and outdoor seating.",4.8,1695,"Described as cozy and homely, perfect for time with friends; listing marks wifi and work-friendly. Rating is Zomato dining.",https://www.zomato.com/bangalore/m-ru-m-ru-1-indiranagar-bangalore/reviews,A|B,2
NYX Lounge Cafe,"MG Road lounge cafe with live music, board games and karaoke, plus live sports screening.",4.2,137,Amenities list live music and sports screening; reviews mention board games and karaoke; inviting ambiance.,https://www.eazydiner.com/bengaluru/nyx-lounge-cafe-mg-road-central-bengaluru-683754,A|B,2
Namma Ajji Mane,"Vegetarian home-style restaurant with nostalgic, granny-home ambiance; wifi and parking listed.",3.1,19,Reviewer says ambiance feels like granny's home; listing shows WiFi and indoor seating. Rating is MagicPin.,https://magicpin.in/Bangalore/Kumaraswamy-Layout/Restaurant/Namma-Ajji-Mane/store/1b6ba62,A|B,2
Natuf Cafe,"Levantine cafe in Indiranagar serving falafel, hummus, kunafa and baklava with coffee.",4.4,57,Reviewer mentions cozy vibes and friendly staff; one calls coffee among the best locally. Rating is Zomato dining.,https://www.district.in/dining/bangalore/natuf-cafe-1-indiranagar-bangalore,A|B,2
Nombre - Speciality coffee,Vegetarian specialty coffee cafe overlooking JP Nagar mini forest; minimalist design and creative coffee menu.,4.5,168,"Cozy aesthetic, clean minimalist design; baristas focus on brew methods; signature Nombre Brew pairs espresso with sparkling tamarind; reviewers praise creative coffee menu.",https://nombre.in/,A|B,2
Nothing Before Coffee,Cafe described as cozy with fusion bites; suited to quick tea breaks and casual hangouts.,,,"EazyDiner-style text: cozy cafe, casual hangouts, quick bites; no crowd or specialty cue.",https://www.eazydiner.com/bengaluru/nothing-before-coffee-richmond-town-central-bengaluru-702476,A,1
Nouvo,"Bakery-cafe and patisserie in Rajarajeshwari Nagar with pastries, desserts, pastas and a warm, inviting ambiance.",4.6,157,"Reviewer describes the ambiance as warm and inviting, with fresh pastries and desserts. Rating is Swiggy, not Google.",https://www.district.in/dining/bangalore/nouvo-rajarajeshwari-nagar-bangalore,A|B,2
Nueva Premium Cafe,"Spacious Mysore Road cafe with indoor and outdoor seating, called a great place to hang out.",4.0,64,"Zomato-based snippet: huge space, indoor and outdoor seating, great place to hangout.",https://www.zomato.com/bangalore/nueva-premium-cafe-4-mysore-road-bangalore,A,1
Nuha Patisserie & Cafe,Indiranagar patisserie cafe pitched as a serene escape with minimalist charm and single-origin coffee.,,,"Own copy: serene escape, minimalist charm, calm conversations, aesthetic delight; single-origin coffee.",https://cafenuha.com/,A,1
Odd Beans,Small coffee and croissant spot in BTM 2nd Stage; also sells flavoured instant coffee. Dining listed as temporarily closed.,3.9,6,"No ambience, work or crowd cues found. Zomato dining 3.9 (6 reviews); delivery 4.3 (90). Instant coffee brand may be a different business.",https://www.zomato.com/bangalore/odd-beans-1-btm-bangalore,A|B,3
Offbeat,"Listings show an Offbeat Cafe in Jayanagar (Italian, beverages); no vibe text found. Possible name confusion with RARUS Offbeat.",,,Only an EazyDiner listing found; own site is a coming-soon placeholder. Venue match unconfirmed.,https://www.eazydiner.com/bengaluru/offbeat-cafe-jayanagar-south-bengaluru-718902/menu,A|B|D,3
Olive and Chai,"No source found for this venue; results were differently named Olive cafes, ignored",,,No evidence: search returned too_many_requests; stopped per instruction,,,0
Omira,"No usable result; searches returned only locality pages. Zomato lists pizza, burgers and cafe fare.",,,Search returned no page about this venue; nothing to tag.,,A|B,2
Ovenly Bliss,"Bakery cafe on Cunningham Road with sourdough toasties, cakes and coffee; indoor and outdoor seating.",4.8,55,"Listing says work-friendly, pet-friendly, indoor and outdoor seating; Google 4.8 from 55 reviews.",https://www.swiggy.com/restaurants/ovenly-bliss-central-bangalore-central-bangalore-2-741161/dineout,A|B,2
Over Coffee Cafe & Wine Bar,"European cafe and wine bar on Lavelle Road with industrial lighting, wooden chairs and a warm, casual feel; known for desserts and wines.",4.6,1780,"Described as cozy, warm and inviting; one complaint of loud customers, so crowd is a loose hint. Coffee quality called inconsistent. Rating is Zomato; Lavelle Road outlet only.",https://www.zomato.com/bangalore/over-coffee-cafe-wine-bar-lavelle-road-bangalore,A+B,2
PULP,"Casual HSR cafe with coffee, street food and Indian-Chinese menu; indoor seating. No vibe cues found.",4.3,,Only Zomato listing facts found; no ambience or review text for this venue.,https://www.zomato.com/bangalore/pulp-hsr-bangalore,A+B,2
Perch Wine and Coffee Bar,"Wine and coffee bar in Phoenix Mall of Asia, Hebbal; known for single-origin lattes and Vietnamese iced coffee.",4.7,551,Listing highlights single origin lattes; one reviewer notes quiet ambience.,https://www.zomato.com/bangalore/perch-wine-and-coffee-bar-hebbal-bangalore,A|B,2
PizzaExpress,"UK pizza restaurant chain, 6 Bengaluru outlets, dine-in; coffee is a side offering.",,,Only listings and openings found; no vibe or crowd cues. Ratings around 4.4-4.5.,https://www.hotelierindia.com/fb/pizzaexpress-opens-fifth-restaurant-in-bengaluru,A,1
Pot Head,"Rooftop cafe with Asian and continental menu, sheesha and a young crowd.",4.3,278,"Good wifi; minimalistic interiors, rooftop setup; attracts young crowd (loose social hint). No crowd-level cue. Rating is Justdial.",https://www.zomato.com/bangalore/pot-head-whitefield-bangalore,A|B,2
Provenance,"Upscale cafe and bakery in UB City with desserts, pastries and coffee; cozy ambience, quick service.",4.4,36,Reviewers cite comforting atmosphere and cozy ambience with friendly staff; known for quick service. Rating is Zomato dining.,https://www.zomato.com/bangalore/provenance-2-lavelle-road-bangalore,A|B,2
Pure & Sure Organic Cafe,Organic farm-to-table cafe and store with community space; reviewers like the interiors and peaceful ambience.,4.1,787,"Reviewers praise ambience, decor and peaceful ambiance; cafe-store described as community space. Rating is Restaurant Guru.",https://www.zomato.com/bangalore/pure-sure-organic-cafe-jayanagar-bangalore/reviews,A|B,2
Qmin,Tea-led cafe on Cunningham Road with fast food and desserts.,4.3,158,Reviews mention good wifi and a cool ambience; no crowd cue.,https://www.zomato.com/bangalore/qmin-cunningham-road-bangalore,A|B,2
Roastea - Curated Coffee And Tea Artisans,"Tea and coffee cafe with pizzas and bakes; cozy, calm space with decor and wall artwork.",5.0,,"Summary says cozy atmosphere, calm relaxed environment, top-notch decor and artwork. Tripadvisor 5.0 (outlet not specified).",https://www.tripadvisor.in/Restaurant_Review-g297628-d33039645-Reviews-Roastea_Curated_Coffee_and_Tea_Artisans-Bengaluru_Bangalore_District_Karnataka.html,A,1
SLAY Coffee Bar,Koramangala cafe with indoor and outdoor seating and large-group seating; known for V60 pour over.,4.7,907,"Listed as work-friendly; reviewers praise warm, cozy atmosphere though one notes no wifi.",https://wanderlog.com/place/details/13959064/slay-coffee-bar-koramangala,A|B,3
Sando Club,Sandwich-focused eatery; no vibe cues found in snippets.,4.3,,Menu centred on sandwiches; no ambience cues.,https://www.zomato.com/bangalore/sando-club-1-shivajinagar-bangalore,A,1
Seben - Pan Asian Restaurant,Pan-Asian restaurant in Banashankari; no vibe evidence found.,3.9,13,"Only cuisine, address and rating listings found; no ambience cues.",https://www.zomato.com/bangalore/dine-out-in-banashankari,A|B,2
Shooketts Cafe,"Cozy brunch cafe and bakery in Ulsoor with minimalist rustic decor, house-made bread, board games; laptop workers and families.",4.4,75,"Listings call it cozy, minimalist, with laptop workers; reviews praise manual brews and locally roasted beans, not house-roasted. No crowd cue. Rating is Zomato.",https://www.zomato.com/bangalore/shooketts-ulsoor-bangalore,A+B,2
Si Nonna's - The Original Sourdough Pizza,Sourdough pizza restaurant with several Bengaluru outlets; coffee is incidental. No ambience or coffee cues found.,4.7,515,"Sources cover pizza, tiramisu and service only; no vibe, crowd or coffee cues. Zomato 4.7 (515).",https://www.zomato.com/bangalore/si-nonnas-the-original-sourdough-pizza-1-koramangala-7th-block-bangalore/reviews,A+B,2
Smoor,"Chocolate patisserie and bistro, 32 Bengaluru outlets, with a chocolate factory tour; coffee is secondary.",,,"Results cover desserts, hot chocolate and factory tour; no ambience or crowd cue.",https://smoor.in/pages/bengaluru-experience-centre,A,1
Snacko's,"Veg cafe for ice cream, sandwiches, shakes; indoor seating, takes large groups.",4.2,,"Zomato listing: indoor seating, large groups, takeaway; reviews praise ice cream and sandwiches.",https://www.zomato.com/bangalore/snackos-1-jp-nagar-bangalore,A+B,2
Socialize,"Secluded vegetarian cafe for conversation and reading with friends or alone; free wifi, pet-friendly.",4.0,1581,"Cozy, private atmosphere; secluded with no loud noise; free wifi (loose work hint); site pitches meeting friends. Rating is Justdial; Zomato 4.1 (471).",https://www.zomato.com/bangalore/socialize-basaveshwara-nagar-bangalore/reviews,A|B,2
Specialty Coffee House,"Warm, stylish Marathahalli cafe with calm vibe and laptop-friendly seating; reviewers praise the beans, brewing and baristas.",4.4,,"Reviews cite calm quiet vibe, cozy spot to work on a laptop; specialty coffee and top-quality beans. Zomato rating, count not shown.",https://www.zomato.com/bangalore/specialty-coffee-house-1-marathahalli-bangalore/reviews,"A,B",2
Starbucks India,"Global chain via Tata JV, 50+ Bengaluru stores; results had no vibe or crowd cues.",,,Only store counts and openings found; no ambience text.,https://stores.starbucks.in/store-pages/starbucks-bangalore/,A,1
Story Coffee & Bistro,"Casual Indiranagar cafe-bistro with board games, wifi and booth seating.",4.5,134,"Listing: cozy cafe experience, WiFi; reviews mention board games.",https://www.zomato.com/bangalore/story-coffee-bistro-indiranagar-bangalore,A|B,2
Sukino Cafe & Kitchen,"Banashankari cafe with brunch menu, stylish modern interiors, DJ and live music amenities.",4.5,174,"Reviews cite calm modern vibe, stylish interiors; listing shows DJ and live music. Peaceful and live-music cues both present, so crowd blank.",https://www.eazydiner.com/bengaluru/sukino-cafe-kitchen-banashankari-south-bengaluru-708798,A|B,2
Syppcoffee,"Cozy, aesthetic Jayanagar coffee cafe for dates or solo work, with board games and reading.",4.7,128,"Described as super cozy and aesthetic, good for solo work sessions, board games, reading; one summary mentions a quiet date.",https://www.zomato.com/bangalore/syppcoffee-jayanagar-bangalore,A|B,2
TFG,Women-owned gourmet bakery cafe welcoming to families and groups; known for desserts.,,,Snippet says welcoming to families and groups; praised desserts.,https://wanderlog.com/place/details/10007620/tfg-cafe,A,1
Tapas Hideout,"Indiranagar eatery with rolls, chai and North Indian items.",4.4,90,Reviewer calls it a nice evening-snack place with calm ambience; no vibe tag cue.,https://www.zomato.com/bangalore/tapas-hideout-indiranagar-bangalore,A|B,2
Tea Villa Cafe,"Fusion cafe with colonial-meets-modern interiors, known for coffee and desserts, suited to catch-ups.",4.2,3550,Eazydiner snippet: dreamy colonial-meets-modern interiors; ideal for coffee catch-ups.,https://www.eazydiner.com/bengaluru/tea-villa-cafe-jayanagar-south-bengaluru-705270,A,1
Terra Bites,"Cozy Koramangala resto-cafe with comic books, wall art, intimate seating and a vegan-friendly breakfast menu.",4.4,194,"Cozy relaxed atmosphere, comic books, wall art, intimate seating; listing says less noisy (loose quiet cue). Rating is Zomato dining.",https://www.zomato.com/bangalore/terra-bites-koramangala-4th-block-bangalore,A|B,2
The Bon Coffee,"Neighbourhood cafe in Yelahanka; reviewers call it a quiet place to work or read, good for groups.",4.5,28,"Reviews: silent evening, quiet place to work or read, good for group gatherings. Zomato 4.5.",https://www.zomato.com/bangalore/the-bon-coffee-yelahanka-bangalore,A|B,2
The Brewseum,"Whitefield pub with 18+ beers on tap, rooftop and indoor seating, live sports, dance floor and an indoor waterfall.",4.2,199,"Described as a lively pub with entertainment, live sports and dance floor; lush ambience. Beer focus, no coffee evidence. Rating is Zomato.",https://www.zomato.com/bangalore/the-brewseum-itpl-main-road-whitefield-bangalore,A+B,2
The Brown Table,"Malleshwaram bakery-cafe with garden, indoor and outdoor seating and wifi; known for croissant sandwiches and bagels.",4.3,697,"Listing marks wifi, garden, work-friendly and family-friendly; reviewers like the vibe. Rating is Justdial, not Google.",https://www.district.in/dining/bangalore/the-brown-table-1-malleshwaram-bangalore,A|B,2
The Brownie Circles,Small brownie and cake shop in Indiranagar with only 3-4 tables; takeaway-oriented.,4.5,649,"Reviewers call ambiance aesthetic, small space with 3-4 tables; listing says takeaway only. No crowd cue. Rating is Justdial; Zomato 4.5 (179).",https://www.zomato.com/bangalore/the-brownie-circles-indiranagar-bangalore,A|B,2
The Brunch Box,Small cafe at RMZ Infinity with wifi and large-group seating; known for acai smoothies and sandwiches. Reviewer notes ownership change.,4.3,63,Reviewer: cozy little cafe; listing shows wifi. Zomato 4.3 (63). One review says quality fell after name and ownership change.,https://www.district.in/dining/bangalore/the-brunch-box-1-old-madras-road-bangalore,A+B,2
The Cafe Aside,Small Whitefield cafe with fast food and shakes.,4.1,5,"Only a bare listing with five ratings; no vibe, crowd or coffee detail.",https://www.zomato.com/bangalore/the-cafe-aside-1-whitefield-bangalore,A|B,2
The Caffeine Baar,"Jayanagar experience-centre cafe with bar seating, cupping room, estate beans and creative mochas.",4.4,1298,"Reviews: cozy ambience, wifi, light music; estate beans, cupping room, rosemary cinnamon mocha, spiced latte.",https://www.tripadvisor.com/Restaurant_Review-g297628-d21956065-Reviews-The_Caffeine_Baar-Bengaluru_Bangalore_District_Karnataka.html,A|B,2
The Chocolate Room,Chocolate-themed dessert cafe (listings call it a chain; one Justdial page says closed) known for choctails and a chocolate bomb.,4.4,1495,"Reviewers: comfy seating, cozy relaxing atmosphere; signature Choco Surprise Bomb, choctails, frappes. Justdial lists one branch closed.",https://www.zomato.com/bangalore/the-chocolate-room-whitefield-bangalore/reviews,A+B,2
The Coco Club Matcha And More,"Matcha-focused cafe with calm pastel interior, sunlight and cozy book-and-comic corners; community feel. Mostly matcha, not coffee.",3.8,21,"Calm, relaxed pace and cozy book corners; thoughtfully designed pastel decor; community-focused. District blog and Zomato. Zomato rating.",https://www.district.in/blog/matcha-cafes-bangalore,"A,B",2
The Coffee Theatre,"Third-floor Indiranagar cafe with wifi, city views and romantic seating; reviews give mixed quiet and vibrant cues.",4.5,370,"Facilities list wifi; reviews say both vibrant ambiance and quiet, calm ambience, so crowd blank.",https://www.zomato.com/bangalore/the-coffee-theatre-1-indiranagar-bangalore,A|B,2
The Craftery By Subko,"Large converted bungalow with banyan tree, greenery and communal tables; Subko specialty coffee and chocolate.",4.5,985,"Described as work-friendly; Subko Specialty Coffee; greenery and craft space. Vietnamese drip praised, not enough for experimental.",https://www.zomato.com/bangalore/the-craftery-by-subko-1-koramangala-3rd-block-bangalore,A|B,2
The Estate Table,"Hebbal cafe-restaurant serving Italian, sandwiches and coffee; very little online beyond listings. One review calls ambience perfect, another says it was hot.",3.8,,"Only two review snippets (warm staff, perfect ambiance; no AC on) and a Zomato 3.8 rating. No usable vibe, crowd or coffee cue.",https://www.district.in/dining/bangalore/the-estate-table-hebbal-bangalore,A+B,2
The Faith Cafe,"White-themed HSR cafe with all-day menu, vegan options and pet-friendly seating.",4.4,465,"Described as Instagram-worthy, warm and cozy; free wifi listed. No crowd cue.",https://www.swiggy.com/restaurants/the-faith-cafe-hsr-layout-bangalore-1072411/dineout,A|B,2
The Fat Chef,"Whitefield gourmet restaurant and wine bar with garden seating, jazz, books, candlelight and weekend live music; not a coffee place.",4.2,1700,"Books, garden, jazz decor; live music Fri to Sun; one review says quiet ambience, so crowd blank. Google rating from search snippet.",https://thefatchef.co.in/,"A,B",2
The Filter Coffee,New Jayanagar South Indian eatery serving Tamil-style homely food on banana leaves; filter coffee praised.,4.1,14,"Reviews: homely Tamil-style food, polite staff, outstanding filter coffee. Only 14 dining ratings; no ambience or crowd cue.",https://www.zomato.com/id/bangalore/the-filter-coffee-jayanagar-bangalore/reviews,A+B,2
The Flour Affair,"Bakery cafe on New BEL Road known for croissants and sourdough, with cozy French-styled interiors.",4.2,137,"Reviews: cozy, inviting ambiance with charming French aesthetic; dog friendly.",https://www.zomato.com/bangalore/the-flour-affair-new-bel-road-bangalore/reviews,A|B,2
The Green Door Coffee House,"Vegetarian coffee house in Shanti Nagar with booth seating and wifi, called a hidden gem.",4.6,81,"Listing says work-friendly, wifi, less noisy; reviewers cite warm and cozy ambiance.",https://www.zomato.com/bangalore/the-green-door-coffee-house-shanti-nagar-bangalore,A,1
The Hole In The Wall Cafe,"Retro breakfast and brunch spot with brick walls, vintage trinkets and rock posters; cozy but very crowded on weekends.",4.5,10773,Cozy charming retro interiors; very crowded with long waits on weekends. No coffee-craft cue. Zomato rating.,https://www.eazydiner.com/bengaluru/the-hole-in-the-wall-cafe-koramangala-330164,"A,B",2
The Humble Pie,"HSR bakery and dessert cafe with pretty interiors, games and books; known for pies, tarts and rich hot chocolate.",4.6,97,"Listing calls it a cozy bakery; reviewers cite cute interior, games and books for a peaceful hangout. Zomato dining 4.6 (97).",https://www.zomato.com/bangalore/the-humble-pie-hsr-bangalore/reviews,A+B,2
The Indies 365 Cafe,Pure vegetarian cafe with ground-floor cafe and first-floor fine dining; no vibe cues found.,4.4,85,"Reviews mention clean, airy AC dining room and good service only; no vibe or crowd cue.",https://www.district.in/dining/bangalore/the-indies-365-cafe-sadashiv-nagar-bangalore,A|B,2
The KA - PI co.,"South Indian filter coffee cafe using beans from its own estate; relaxed, welcoming, comfortable seating, easy for quick coffee breaks.",4.3,10,"Own-estate honey-processed arabica and robusta; relaxed welcoming vibe, quick breaks, music not too loud (loose, so crowd blank). Zomato rating, few reviews.",https://thekapico.com/,"A,B,D",3
The Kind Roastery & Brew Room,"Vegetarian specialty roastery cafe with serene neutral-toned interiors at The Bay, Bellandur.",4.6,,"Described as specialty coffee roastery; serene ambiance, neutral tones, earthy accents. Rating from Restaurant Guru.",https://restaurant-guru.in/The-Kind-Roastery-and-Brew-Room-Bellandur-Bengaluru,A,1
The Old Madras Baking Company,"Bakery cafe from Chennai known for sourdough, coconut buns and babka; warm wooden interior.",4.0,26,"LBB and reviews call it cosy, warm, wooden; nice coffee noted. Rating from District (26 reviews).",https://lbb.in/bangalore/old-madras-baking-company-bangalore/,A+B,2
The Platonic Cafe,"Vegetarian cafe with good wifi, romantic seating and a book collection for reading.",4.4,91,"Known for good WiFi, romantic seating, cool ambience; reviewer notes books to read. Rating is Zomato dining.",https://www.zomato.com/bangalore/the-platonic-cafe-electronic-city-bangalore,A|B,2
The Studio Cafe,"Compact, cozy Jayanagar cafe known for sit-and-read, sandwiches and salad wraps; relaxed seating, good for friends; space is cramped.",4.7,991,Described cozy and relaxed; tagged sit and read (loose quiet hint); fine for friends. Swiggy rating.,https://www.swiggy.com/restaurants/bangalore/jayanagar/the-studio-cafe-404864/dineout,"A,B",2
Thela Tapri By Sharma's Kitchen,Vegetarian street-food and chai eatery in BTM; reviewers call it a cozy eatery with a neat ambience.,4.1,65,"Review summary: cozy eatery, neat ambience, young crowd appeal; known for chai, kachori, pav bhaji. Zomato dining 4.1 (65).",https://restaurant-guru.in/Thela-Tapri-Bengaluru,A+B,2
Third Wave Coffee,"Roaster-led chain, 69 Bengaluru outlets, pour-over and cappuccino, cozy setting.",,,"Search summary says cozy environment, artisanal brews, responsibly sourced beans; store domain says Roasters. Platform ratings 4.3-4.6.",https://stores.thirdwavecoffeeroasters.com/store-pages/third-wave-coffee-koramangala-bengaluru,A,1
Tim Hortons,"Canadian chain, 4 Bengaluru outlets, Canada-inspired decor, frozen vanilla and iced capps.",,,News and listings only; no vibe or crowd cue. Decor note is not a vocabulary cue.,https://www.indiaretailing.com/2023/09/18/tim-hortons-enters-bengaluru-launches-two-outlets-in-a-row,A,1
Toffee & Talk,"Nostalgia-themed Jayanagar cafe with wifi, outlets, book club and board-game meetups; known for unusual drinks like popcorn frappe.",4.5,327,"Listing: warm space, wifi and plenty of outlets; reviewer: quiet place to work; popcorn frappe and Pink Roast praised.",https://www.eazydiner.com/bengaluru/toffee-talk-jayanagar-south-bengaluru-708117,A+B,2
Tribal Brew Coffee,Budget-friendly Indiranagar coffee outlet with takeaway; reviewers praise authentic filter coffee and quick service.,4.7,504,Takeaway and on-the-go value cues; one review calls it creative. Site fetch failed twice (socket closed). No ambience or crowd cue. Rating is Justdial.,https://www.zomato.com/bangalore/tribal-brew-coffee-indiranagar-bangalore,A+B+D(failed),4
Tribes Coffee,"Terroir-based concept cafe with tribal-inspired decor, wild-grown beans sourced directly from tribal growers.",4.5,60,Murals and curated origin coffees; reviewers call it cozy with unique decor and good for working. Rating is Zomato.,https://www.restaurantindia.in/news/tribes-coffee-enters-bengaluru-market-with-direct-from-farm-sourcing-model.n12980,A+B,2
Trippy Goat Cafe,"Earthy urban sanctuary cafe near MG Road with indoor and outdoor seating amid greenery; known for brunch, pizzas and a coffee program.",4.5,140,Described as cozy with lush greenery; reviews note weekend evenings get crowded and peak-hour service delays. Rating is Zomato.,https://www.zomato.com/bangalore/trippy-goat-cafe-ashok-nagar-bangalore,A+B,2
True Brew Cafe & Restaurant,"Indiranagar cafe with fairy lights, rustic wood decor, plants, free wifi and a work-friendly setup.",4.5,167,"Listing: fairy lights, rustic wooden decor, flora, free wifi, work-friendly; also cold coffee and spicy teas as signatures.",https://www.zomato.com/bangalore/true-brew-cafe-restaurant-1-indiranagar-bangalore,A,1
Uutopia Cafe,"Salon plus cafe in a three-storey bungalow with lawns; live music, pizza, pet-friendly.",4.3,490,"Good wifi, chic open-air ambience, bungalow with lawns. Quiet neighbourhood and serenity but also live music, so crowd blank. Rating is Swiggy.",https://www.swiggy.com/restaurants/bangalore/whitefield/uutopia-cafe-774211/dineout,A|B,2
Vanamo,"Indiranagar cafe with single-origin Ethiopian and Colombian coffee, warm ambiance and curated global menu.",4.4,1026,"Own site: single origin coffee, warm ambiance, curated cuisine; menu leans crafted rather than experimental.",https://vanamo.in/,A|D,2
Vanillaa Bakery & Cafe,"Pure vegetarian Rajajinagar bakery-cafe open late, with desserts, Korean buns and a cozy, inviting ambience.",4.5,339,Many reviewers mention cozy and inviting ambience and friendly staff; cold coffee praised. Own site fetch returned empty.,https://www.district.in/dining/bangalore/vanillaa-bakery-cafe-rajajinagar-bangalore,A|B|D,3
Venn,"Kalyan Nagar cafe (Venn by Spiga & Grounded) with hot brews, cold coffees, matchas, tiramisu and pasta.",4.4,71,Listing calls it a cozy coffee haven with relaxed vibe; reviewers cite warm vibes. Rating is Zomato dining.,https://www.zomato.com/bangalore/venn-kalyan-nagar-bangalore/reviews,A|B,2
Vida Brazilian Cafe,"Brazilian pastries, desserts and coffee in a peaceful, green Hennur setting with indoor and outdoor seating.",4.8,167,"Reviewers describe a peaceful, relaxed atmosphere amid Hennur greenery. Rating is Swiggy, not Google.",https://www.zomato.com/id/bangalore/vida-brazilian-cafe-1-hennur-bangalore/reviews,A|B,2
Vienna Bakehouse & Kitchen,"European-style Koramangala cafe with rustic wooden interior, premium specialty coffee and pastries; own site mentions signature drinks without detail.",4.5,237,"Reviews praise cozy ambiance and rich coffee; own site says premium specialty coffee, roasted the Austrian way, signature drinks. Zomato dining 4.5 (237).",https://www.viennabakehouse.com/,A+B+D,3
Wild Rabbit Cafe And Bakehouse,"Kundalahalli cafe with terrace gardens, pizza, breakfast and bakes.",4.2,76,"Listing calls the vibe warm and cozy, with terrace gardens; no crowd cue.",https://www.zomato.com/bangalore/wild-rabbit-cafe-and-bakehouse-varthur-main-road-whitefield-bangalore,A|B,2
Wild Vanilla Cafe,"Budget cafe in Basavanagudi serving bakery, Italian and Mexican; few reviews.",4.3,4,A reviewer calls it a nice place to hang out with friends; ambience pleasant.,https://www.district.in/dining/bangalore/wild-vanilla-cafe-basavanagudi-bangalore,A|B,2
Xero Degrees,"Koramangala cafe with wifi and indoor seating, known mostly for pizza and fast food.",4.3,,"Zomato facilities list wifi, free parking, family-friendly.",https://www.zomato.com/bangalore/xero-degrees-koramangala-5th-block-bangalore,A,1
Yogi-sthaan,Vegetarian ayurvedic cafe and yoga school; serene outdoor seating with laptop power and free wifi.,4.1,,"Listings: work-friendly, laptop power, free wifi; described as serene, relaxing ambience.",https://www.zomato.com/bangalore/yogi-sthaan-indiranagar-bangalore,A,1
ZOROY Luxury Chocolate,"Premium bean-to-bar chocolate cafe with desserts; classy, elegant look; wifi and work-friendly listed.",4.6,71,"Listings show wifi, work-friendly; reviews call ambience classy and elegant. Chocolate focus, not coffee.",https://www.zomato.com/bangalore/zoroy-luxury-chocolate-hsr-bangalore,A+B,2
Zenforest Coffee Roasters,"Specialty roaster cafe with forest-inspired setting; single-origin, barrel-aged and fermented microlot coffees.",,,"Described as tranquil, peaceful, good for remote workers; small-batch roasting, barrel-aged blends, fermented microlots.",https://zenforestcoffee.com/zenforest-cafe/,A,1
Zoey's,"Rustic-chic garden cafe with all-day breakfast, mismatched furniture and wall art.",4.3,2008,"Reviews call it cozy, insta-worthy with art and garden; listing says work-friendly with wifi. Rating is Zomato/District.",https://www.district.in/dining/bangalore/zoeys-sarjapur-road,A|B,2
abcoffee,"Small-format grab-and-go chain for office workers in tech parks; 1.5-minute service, markets specialty coffee.",,,"Launch coverage: grab-and-go concept, tech hubs; brand pitches artisanal and specialty coffee. Signature cold coffee noted.",https://www.worldcoffeeportal.com/news/indias-abcoffee-launches-in-bengaluru-opening-seven-stores-in-two-days/,A,1
ee Kavii Kafe,"Literary-themed cafe with book corner, greenery and two levels; wifi desks plus live readings and music events.",4.3,251,"Book-themed decor, library corner, wifi desks, live events; both quiet and lively cues so crowd blank; billed as creative play on coffee. No specialty cue. Rating not Google-verified.",https://wanderlog.com/place/details/14970912/ee-kavii-kafe,"A,B,D",3
