cafe,vibe,vibe_basis,setting,setting_basis,crowd,crowd_basis,specialty,experimental_menu
11 Grams Coffee Roasters,cozy|work-friendly|aesthetic,inferred,,,,,yes,unknown
154 Breakfast Club,social,stated,chain,stated,,,unknown,unknown
Adhira & Appa Coffee,cozy|aesthetic,stated,chain,inferred,,,unknown,yes
Ainmane Cafe And Speciality Store,cozy|work-friendly,stated,,,,,yes,unknown
Alchemy Coffee Roasters,cozy|aesthetic|work-friendly,stated,,,,,yes,unknown
Amagat Garden Cafe,cozy|aesthetic,inferred,,,,,unknown,unknown
Amare,work-friendly,stated,,,quiet,inferred,unknown,unknown
Amintiri,cozy|aesthetic,stated,,,lively,inferred,unknown,unknown
Anaia,cozy|social|quick stop,stated,,,lively,stated,unknown,unknown
Araku Coffee,cozy|aesthetic,inferred,chain,stated,,,yes,yes
Atta Galata,cozy|social|work-friendly,stated,,,,,unknown,unknown
BANOFFEE,cozy|social,stated,,,lively,stated,unknown,unknown
BRGR & BREWS,cozy|social,stated,,,lively,stated,unknown,unknown
Bagelstein,quick stop,inferred,,,,,unknown,unknown
Bakeyard The Garden Cafe,cozy,stated,,,quiet,stated,unknown,unknown
Barista,work-friendly,stated,chain,stated,,,unknown,unknown
Beanlore,cozy|work-friendly|aesthetic,stated,,,quiet,stated,yes,yes
Beku,cozy|work-friendly,stated,,,quiet,stated,yes,yes
Belle Ville Pancake Cafe,aesthetic,inferred,,,,,unknown,unknown
Beyond Bean Coffee,cozy,stated,,,quiet,stated,unknown,unknown
Big Cup Cafe,work-friendly|social,stated|inferred,,,,,unknown,unknown
Bistro Claytopia,cozy|aesthetic,inferred,,,,,unknown,unknown
Bloom & Brreeze Cafe,cozy,stated,,,,,yes,unknown
Blue Tokai Coffee Roasters,aesthetic,stated,chain,stated,,,yes,unknown
Bodhi Coffee,,,,,,,unknown,yes
Bogineni Coffee,work-friendly,stated,,,,,unknown,unknown
Breads And Banter,social|aesthetic,stated,,,,,unknown,unknown
Brew Bakes Cafe,social|cozy,inferred,chain,inferred,quiet,inferred,unknown,unknown
Brew La Paix,cozy|work-friendly|social,stated,,,,,unknown,yes
Brew Meister,cozy|social,inferred,pub or brewery,inferred,,,unknown,unknown
Brewing Untold Stories,cozy|social|work-friendly,stated,,,,,unknown,unknown
Brewsom Coffee,cozy|social,stated,,,lively,inferred,yes,unknown
Brewtroots Cafe,,,,,,,unknown,unknown
Brunch Project,cozy|work-friendly|social,stated,,,,,unknown,yes
Bubbles & Co.,cozy|work-friendly|aesthetic,stated,,,,,unknown,unknown
Burp,cozy|social|aesthetic,stated|stated|inferred,,,,,unknown,unknown
CAD - Coffee All Day,cozy|quick stop,inferred,,,,,unknown,unknown
CHEBEL,aesthetic,stated,,,,,unknown,unknown
Cafe 60 Four 2.0,work-friendly|cozy,stated,,,quiet,inferred,unknown,unknown
Cafe Aroma Express,cozy,stated,,,,,unknown,unknown
Cafe Azzure,social,inferred,,,,,unknown,unknown
Cafe Baha,cozy|social,stated|stated,,,,,unknown,unknown
Cafe Coffee Day,social|cozy,inferred,chain,stated,,,unknown,unknown
Cafe Du L'Amour,aesthetic|cozy,stated,,,quiet,inferred,unknown,unknown
Cafe Grey By Dongle & Co,work-friendly,stated,,,,,unknown,unknown
Cafe Happy Place,cozy|work-friendly|social,stated|stated|inferred,,,,,unknown,unknown
Cafe Lazy Lad,cozy|work-friendly,stated,,,,,unknown,unknown
Cafe Medley,cozy,stated,,,,,unknown,unknown
Cafe Memoire,cozy|work-friendly|social,stated|stated|stated,,,,,unknown,unknown
Cafe Muziris,cozy|work-friendly,stated,,,,,unknown,unknown
Cafe Noir,work-friendly|social,stated,,,,,unknown,unknown
Cafe Petriqor,work-friendly|cozy,stated|inferred,,,,,unknown,unknown
Cafe Pink Pajamas,cozy|aesthetic,stated,,,,,unknown,unknown
Cafe Plume,cozy|work-friendly|social,stated,,,,,unknown,unknown
Cake House - Story Cafe,cozy|work-friendly,stated,,,,,unknown,unknown
Canvas And Beans,cozy|aesthetic|social,stated,,,,,unknown,unknown
Chaayos,cozy|work-friendly|aesthetic,stated,chain,stated,,,unknown,unknown
Chai Days,social|work-friendly,inferred,,,lively,stated,no,unknown
Chai Galli,cozy|aesthetic,stated,,,,,no,unknown
Chai Nagri,cozy|aesthetic,stated,,,,,no,unknown
Chai Point,quick stop,inferred,chain,stated,,,unknown,unknown
Chai Point - Bellandur,quick stop,inferred,,,,,no,unknown
Champaca,cozy,stated,,,quiet,stated,unknown,unknown
Chaska Bun Cafe & Lounge,social,stated,,,lively,stated,unknown,unknown
Chelvies Coffee,cozy|social|work-friendly,stated,,,quiet,stated,unknown,yes
Chin Lung Brewery,social,inferred,pub or brewery,inferred,lively,stated,unknown,unknown
Clean Slate Cafe,cozy|social,stated,,,,,unknown,unknown
Coffea,aesthetic,stated,,,,,unknown,unknown
Coffea Brew On The Rocks,social,inferred,,,,,unknown,unknown
Coffee And Crypto,work-friendly|cozy,stated,,,,,unknown,unknown
Coffee Brewery,work-friendly|social|cozy,stated,chain,stated,,,unknown,unknown
Coffee Chemistry,cozy,stated,,,,,unknown,yes
Coffee Mechanics,work-friendly|aesthetic,stated,,,lively,stated,yes,yes
Colates Cafe,social|work-friendly,stated,,,quiet,stated,unknown,unknown
Costa Coffee,social,stated,chain,stated,quiet,inferred,unknown,unknown
Craft - Hyatt Centric Hebbal Bengaluru,work-friendly|quick stop,inferred,,,,,unknown,yes
Cremeux Pizza & Bakery Cafe,cozy,stated,,,,,unknown,unknown
Daymonthyear,cozy,inferred,,,,,unknown,unknown
"Delifrance - Cafe, Sandwiches & Coffee",cozy|aesthetic,stated,,,,,unknown,unknown
Demitasse Coffee,cozy|work-friendly|social,stated,,,quiet,stated,yes,yes
Dialogues Cafe,social|work-friendly|cozy,stated,,,quiet,stated,unknown,unknown
Dyu Art Cafe,aesthetic|work-friendly|cozy,stated,,,,,unknown,unknown
Eddy's Cafe,cozy|work-friendly,stated|stated,,,,,unknown,unknown
Espressoulster Coffee,cozy|work-friendly,stated,,,quiet,stated,yes,unknown
Eywa,work-friendly|social,stated,,,quiet,inferred,yes,unknown
F5 - Hilton Embassy Manyata Business Park,social,stated,,,lively,stated,unknown,unknown
Fast Coffee,work-friendly|aesthetic|quick stop,stated,,,quiet,inferred,yes,yes
Fika Sip Savor,cozy|aesthetic,inferred,,,,,unknown,unknown
Fresh Pressery Cafe,aesthetic|work-friendly,stated,,,quiet,stated,unknown,unknown
"Frozen Bottle - Milkshakes, Desserts And Ice Cream",cozy|social,stated,,,quiet,inferred,unknown,unknown
Glen's Bakehouse,aesthetic,inferred,chain,stated,,,unknown,unknown
Go Native,aesthetic,inferred,,,quiet,inferred,unknown,unknown
Goodluck Resto Cafe,cozy|work-friendly,stated,,,quiet,stated,unknown,unknown
Got Tea,cozy|aesthetic|social,stated,chain,stated,,,unknown,unknown
Great Britain Waffle,cozy,stated,,,,,unknown,unknown
Green Bean Coffee,cozy|social|work-friendly,stated,,,,,unknown,unknown
Ground Up Coffee,cozy|work-friendly,stated,,,,,yes,unknown
Gulheera Coffee,social,stated,,,,,unknown,yes
Happiness Dhaba - Truly North Indian,cozy,stated,,,quiet,inferred,unknown,unknown
Hatti Kaapi,cozy|quick stop,stated,chain,stated,quiet,inferred,yes,unknown
Healthy Fuel Cafe,social|cozy,inferred,,,,,unknown,unknown
HumbleBean Coffee,cozy|aesthetic,stated,,,,,yes,yes
Hustle,cozy|social|work-friendly,stated,,,,,unknown,unknown
IDC Kitchen,quick stop|cozy,inferred,,,lively,stated,unknown,unknown
IKOI Tokyo,work-friendly,stated,,,,,unknown,unknown
Isobel,work-friendly|aesthetic,stated,,,,,unknown,unknown
Jus' Trufs,cozy|social,stated,,,quiet,stated,unknown,unknown
Kana By Coffee Mechanics,cozy,stated,,,,,yes,unknown
Kathe speciality coffee,cozy|work-friendly|social,stated,,,,,yes,yes
Kerbside Bistro,cozy,stated,,,,,unknown,unknown
Korero Coffee Roasters,work-friendly,inferred,,,,,yes,unknown
Kreme Kultura,work-friendly|aesthetic,inferred,,,,,yes,unknown
Krispy Kreme,social,stated,,,,,no,unknown
La Grace - The Caffeine House,cozy|work-friendly|social,stated,,,,,unknown,unknown
La Roi,cozy|social,stated,,,,,unknown,unknown
La Roserie,aesthetic|cozy,inferred,,,quiet,stated,unknown,unknown
La Truffle Aroma,cozy|social|aesthetic,stated|stated|inferred,,,,,unknown,unknown
Lahe Lahe Santhe,social|aesthetic,stated|inferred,,,,,unknown,unknown
Lavonne,cozy,stated,chain,stated,,,unknown,unknown
Lazy Suzy,cozy|aesthetic,stated,,,lively,stated,unknown,unknown
Le Celebration Patiesserie And Cafe,social,inferred,,,,,unknown,unknown
Levista Gourmet Studio,quick stop|work-friendly,stated,,,,,unknown,unknown
Lucid Dreams Coffee,work-friendly|aesthetic|cozy,inferred,,,quiet,stated,yes,yes
"MOBA - Bubble Tea's, Korean Food & More",cozy,stated,,,,,unknown,unknown
Mad Doh Sourdough Pizzeria & Bakes,cozy|aesthetic|social,stated,,,,,unknown,unknown
Magnolia Bakery,aesthetic,stated,chain,inferred,,,unknown,unknown
Mai Matcha Haus,cozy,stated,,,quiet,stated,unknown,unknown
Masala Chai,quick stop,inferred,,,lively,inferred,unknown,unknown
Matteo Coffea,work-friendly,stated,,,quiet,stated,unknown,unknown
Maverick & Farmer Coffee,social|cozy,inferred,,,,,yes,yes
Maxburn Cafe,work-friendly,stated,,,,,unknown,unknown
Meloghrano,cozy|aesthetic,stated,,,,,unknown,unknown
Melt N' Brew,cozy|aesthetic,stated,,,,,yes,yes
Mipi Lounge,cozy,stated,,,quiet,stated,unknown,unknown
Mitico Coffee Roasters,cozy|work-friendly,stated,,,,,yes,unknown
MixNosh,aesthetic|social,stated,,,,,unknown,unknown
Moi Bakehouse,,,,,,,unknown,unknown
Moo Cha Kura,cozy,stated,,,quiet,stated,unknown,yes
Mustard Bakehouse,work-friendly,stated,,,,,unknown,unknown
Mūru Mūru,cozy|social|work-friendly,stated,,,,,unknown,unknown
NYX Lounge Cafe,social,stated,,,lively,stated,unknown,unknown
Namma Ajji Mane,cozy|work-friendly,inferred,,,,,yes,unknown
Natuf Cafe,cozy,stated,,,,,unknown,unknown
Nombre - Speciality coffee,cozy|aesthetic,stated,,,,,yes,yes
Nothing Before Coffee,cozy|social,stated,chain,stated,,,unknown,yes
Nouvo,cozy,stated,,,,,unknown,unknown
Nueva Premium Cafe,social,stated,,,,,unknown,unknown
Nuha Patisserie & Cafe,aesthetic,stated,,,quiet,stated,yes,unknown
Odd Beans,,,,,,,unknown,unknown
Offbeat,,,,,,,unknown,unknown
Olive and Chai,,,,,,,unknown,unknown
Omira,,,,,,,unknown,unknown
Ovenly Bliss,work-friendly,stated,,,,,unknown,unknown
Over Coffee Cafe & Wine Bar,cozy,stated,,,lively,inferred,unknown,unknown
PULP,,,,,,,unknown,unknown
Perch Wine and Coffee Bar,cozy,stated,pub or brewery,stated,quiet,stated,yes,unknown
PizzaExpress,cozy,stated,chain,stated,,,unknown,unknown
Pot Head,work-friendly|aesthetic|social,inferred,,,,,unknown,unknown
Provenance,cozy,stated,,,,,unknown,unknown
Pure & Sure Organic Cafe,aesthetic|social,inferred,,,quiet,stated,unknown,unknown
Qmin,work-friendly,stated,,,,,unknown,unknown
Roastea - Curated Coffee And Tea Artisans,cozy|aesthetic,stated,chain,stated,quiet,stated,unknown,unknown
SLAY Coffee Bar,cozy|work-friendly,stated,,,,,unknown,unknown
Sando Club,cozy,inferred,,,,,unknown,unknown
Seben - Pan Asian Restaurant,,,,,,,unknown,unknown
Shooketts Cafe,cozy|work-friendly|aesthetic,stated,,,,,yes,unknown
Si Nonna's - The Original Sourdough Pizza,cozy|social,stated,,,quiet,inferred,unknown,unknown
Smoor,aesthetic|cozy,inferred,chain,stated,,,unknown,unknown
Snacko's,social,inferred,,,,,unknown,unknown
Socialize,cozy|social|work-friendly,stated,,,quiet,stated,unknown,unknown
Specialty Coffee House,cozy|work-friendly,stated,,,quiet,stated,yes,unknown
Starbucks India,cozy|social|work-friendly,stated,chain,stated,,,unknown,yes
Story Coffee & Bistro,cozy|social|work-friendly,stated,,,,,unknown,unknown
Sukino Cafe & Kitchen,aesthetic|social,stated,,,,,unknown,yes
Syppcoffee,cozy|aesthetic|work-friendly,stated,,,quiet,inferred,yes,unknown
TFG,social,inferred,,,,,unknown,unknown
Tapas Hideout,cozy,stated,,,quiet,stated,unknown,unknown
Tea Villa Cafe,aesthetic|social,inferred,,,,,unknown,yes
Terra Bites,cozy|aesthetic,stated,,,quiet,inferred,unknown,unknown
The Bon Coffee,work-friendly|social,inferred,,,quiet,stated,unknown,unknown
The Brewseum,social|aesthetic,inferred,,,lively,stated,unknown,unknown
The Brown Table,work-friendly|cozy,stated,,,,,unknown,unknown
The Brownie Circles,aesthetic|quick stop,stated,,,,,unknown,unknown
The Brunch Box,cozy|work-friendly,stated,,,,,unknown,unknown
The Cafe Aside,,,,,,,unknown,unknown
The Caffeine Baar,cozy|work-friendly,stated,,,,,yes,yes
The Chocolate Room,cozy,stated,,,,,unknown,yes
The Coco Club Matcha And More,cozy|aesthetic|social,inferred,,,quiet,stated,unknown,yes
The Coffee Theatre,work-friendly,stated,,,,,unknown,unknown
The Craftery By Subko,aesthetic|work-friendly|cozy,inferred,,,,,yes,yes
The Estate Table,,,,,,,unknown,unknown
The Faith Cafe,cozy|aesthetic|work-friendly,stated,,,,,unknown,yes
The Fat Chef,cozy|social|aesthetic,inferred,,,,,unknown,unknown
The Filter Coffee,cozy,inferred,,,,,unknown,no
The Flour Affair,cozy|aesthetic,stated,,,,,unknown,unknown
The Green Door Coffee House,cozy|work-friendly,stated,,,quiet,stated,unknown,unknown
The Hole In The Wall Cafe,cozy|aesthetic,inferred,,,lively,stated,unknown,unknown
The Humble Pie,cozy|aesthetic|social,stated,,,quiet,inferred,unknown,unknown
The Indies 365 Cafe,cozy,inferred,,,,,unknown,unknown
The KA - PI co.,cozy|quick stop,inferred,,,,,yes,unknown
The Kind Roastery & Brew Room,aesthetic,inferred,,,quiet,stated,yes,unknown
The Old Madras Baking Company,cozy,stated,,,,,unknown,unknown
The Platonic Cafe,work-friendly|cozy,stated,,,,,unknown,unknown
The Studio Cafe,cozy|social,stated,,,quiet,inferred,unknown,unknown
Thela Tapri By Sharma's Kitchen,cozy,stated,,,,,no,unknown
Third Wave Coffee,cozy,stated,chain,stated,,,yes,yes
Tim Hortons,cozy|social,stated,chain,stated,,,unknown,unknown
Toffee & Talk,cozy|work-friendly|social,stated,,,quiet,stated,unknown,yes
Tribal Brew Coffee,quick stop,inferred,,,,,unknown,unknown
Tribes Coffee,aesthetic|cozy|work-friendly,stated,,,,,yes,unknown
Trippy Goat Cafe,cozy,stated,,,lively,stated,yes,unknown
True Brew Cafe & Restaurant,aesthetic|work-friendly,stated,,,,,unknown,unknown
Uutopia Cafe,cozy|work-friendly|aesthetic,inferred,,,,,unknown,unknown
Vanamo,aesthetic|cozy,stated,,,,,yes,unknown
Vanillaa Bakery & Cafe,cozy,stated,,,,,unknown,unknown
Venn,cozy,stated,,,,,unknown,unknown
Vida Brazilian Cafe,cozy,inferred,,,quiet,stated,unknown,unknown
Vienna Bakehouse & Kitchen,cozy,stated,,,,,yes,unknown
Wild Rabbit Cafe And Bakehouse,cozy,stated,,,,,unknown,unknown
Wild Vanilla Cafe,social,stated,,,,,unknown,unknown
Xero Degrees,work-friendly,stated,,,,,unknown,unknown
Yogi-sthaan,work-friendly,stated,,,quiet,stated,unknown,unknown
ZOROY Luxury Chocolate,work-friendly|aesthetic,stated|inferred,,,,,unknown,unknown
Zenforest Coffee Roasters,work-friendly|aesthetic,inferred,,,quiet,stated,yes,yes
Zoey's,cozy|aesthetic|work-friendly,stated,pub or brewery,inferred,,,unknown,unknown
abcoffee,quick stop,stated,chain,stated,,,yes,unknown
ee Kavii Kafe,cozy|work-friendly|social,stated,,,,,yes,yes
