cafe,type,area,website,menu_size
Cafe Noir,standalone,Indiranagar,,12
Glen's Bakehouse,franchise,7 outlets,,12
Seben - Pan Asian Restaurant,standalone,Banashankari,,12
Vienna Bakehouse & Kitchen,standalone,Koramangala 6th Block,https://www.viennabakehouse.com/,12
Cafe Plume,standalone,Indiranagar,,11
Craft - Hyatt Centric Hebbal Bengaluru,standalone,Hebbal,,11
Le Celebration Patiesserie And Cafe,standalone,Bommanahalli,,11
Magnolia Bakery,standalone,Indiranagar,,11
Brewtroots Cafe,standalone,HSR,,10
Got Tea,franchise,3 outlets,https://location-data-api.singleinterface.com/storepages/got-tea-hrbr-cafe-kalyan-nagar-bengaluru-463448,10
Krispy Kreme,standalone,"Mantri Square Mall, Malleshwaram",http://krispykremeindia.in,10
Lavonne,franchise,4 outlets,,10
Bloom & Brreeze Cafe,standalone,Jakkur,,9
Cafe Petriqor,standalone,JP Nagar,,9
Clean Slate Cafe,standalone,Malleshwaram,,9
"Delifrance - Cafe, Sandwiches & Coffee",standalone,Marathahalli,,9
Great Britain Waffle,standalone,Kammanahalli,,9
La Roi,standalone,HSR,http://www.laroibakery.com/,9
MixNosh,standalone,Jayanagar,,9
Uutopia Cafe,standalone,Whitefield,,9
Belle Ville Pancake Cafe,standalone,Mahadevapura,,8
Brewing Untold Stories,standalone,BTM,,8
Korero Coffee Roasters,standalone,HSR,,8
Nouvo,standalone,Rajarajeshwari Nagar,,8
Odd Beans,standalone,BTM,,8
Snacko's,standalone,JP Nagar,,8
Story Coffee & Bistro,standalone,Indiranagar,,8
