cafe,crowd,crowd_basis,vibe,vibe_basis,evidence,evidence_url,searches_used,note
Chaska Bun Cafe & Lounge,,,,,"Only vague cues (warm ambience, college hangout, tiny seating); no clear crowd or quiet cue. Listing may be closed.",,1,no clear cue
Amintiri,,,,,"Mixed: listed as ""less noisy"" on Zomato but reviews mention half-hour waits and crowding at peak times.",https://www.zomato.com/bangalore/amintiri-church-street-bangalore,1,mixed
"Frozen Bottle - Milkshakes, Desserts And Ice Cream",,,,,"Nagawara outlet confirmed but only generic praise (cozy, nice ambience); no crowd cue.",,1,no clear cue
Masala Chai,,,,,"Only a single mention of getting a little crowded in the evening with plenty of seating; not enough for either label.",https://www.tripadvisor.in/Restaurant_Review-g297628-d7264566-Reviews-Masala_Chai-Bengaluru_Bangalore_District_Karnataka.html,1,no clear cue
Socialize,,,,,"Described as in a ""quiet bylane"" and secluded with no loud noise, but that is about location; reviews stress cozy and small-group capacity, not calm as the normal feel. Left blank.",https://www.zomato.com/bangalore/socialize-basaveshwara-nagar-bangalore,1,weak cue
Pure & Sure Organic Cafe,quiet,inferred,,,"Review: ""Very calm and not crowded at all!""; another source calls the ambience simple and soothing with few tables. Moderate confidence.",https://magicpin.in/Bangalore/Jayanagar/Restaurant/Pure-and-Sure-Organic-Cafe/store/31c411/menu/,2,fetch of second source 403
The Humble Pie,,,,,"Zomato tag ""less noisy"" and one mention of a peaceful hangout with games and books; tiny space. Not two clear independent snippets, so left blank.",https://www.zomato.com/bangalore/the-humble-pie-hsr-bangalore,1,weak cue
Perch Wine and Coffee Bar,,,,,"Hebbal listing says quiet and not crowded, but only for weekday evenings (weekday-only cue) and results mix in Mumbai and Delhi outlets. Left blank.",https://www.district.in/dining/bangalore/perch-wine-and-coffee-bar-hebbal-bangalore,1,weak cue; weekday only
Demitasse Coffee,quiet,inferred,,,"Site copy: ""Brookefield's quietest corner... ink-and-notebook room for coffee, slow reading, and focus""; Zomato tag ""less noisy"" and a review saying it is not crowded. The vercel.app site is not confirmed as the official page so basis is inferred.",https://demitasse-coffee.vercel.app/,2,site official status unverified
Anaia,lively,inferred,,,"Reviews say it can get quite busy and noisy at peak hours, is crowded on weekends, and some customers found the noise in the small space disturbing.",https://magicpin.in/Bangalore/Indiranagar/Restaurant/Anaia-Cafe/store/1638406/reviews,1,moderate confidence
