cafe,crowd,crowd_basis,confidence,lean,vibe,vibe_basis,evidence,evidence_url,searches_used,note
Champaca,quiet,inferred,medium,quiet,,,"Reviews call it peaceful and calm (read, work, eat but keep calm); Zomato label less noisy. Minor cue: can get crowded on weekends and after 4pm.",https://www.zomato.com/bangalore/champaca-cunningham-road-bangalore/reviews,1,
The Studio Cafe,quiet,inferred,medium,quiet,,,"Review calls service and ambience very peaceful, good for a short break; platform label less noisy. Limited seating noted.",https://wanderlog.com/place/details/9799402/the-studio-cafe,2,
Coffee Mechanics,,,low,mixed,,,"Reviews: chill workspace with plug points, but one says very noisy and cramped in evenings due to popularity. Cues split by time of day.",https://www.zomato.com/bangalore/coffee-mechanics-2-kadubeesanahalli-bangalore/reviews,1,
The Green Door Coffee House,quiet,inferred,medium,quiet,,,"Reviews describe it as calm and relaxing, a peaceful place to slow down, and a hidden gem for working or reading. Space is tiny.",https://www.zomato.com/tr/bangalore/the-green-door-coffee-house-shanti-nagar-bangalore/reviews?amp=1,1,
Tapas Hideout,,,low,quiet,,,"One review snippet: nice place for evening snacks with calm ambience; otherwise only cozy/cool ambience, which is not a cue.",https://www.district.in/dining/bangalore/tapas-hideout-indiranagar-bangalore,1,
Chelvies Coffee,,,low,quiet,,,"Reviews call it cozy and calm, suitable for relaxation and work, but also say the ground floor buzzes while upper floors are quieter. Vague and split by floor.",https://www.zomato.com/bangalore/chelvies-coffee-indiranagar-bangalore/reviews,1,
NYX Lounge Cafe,,,low,lively,,,"Listings mention karaoke and board games, lounge format, and limited seating (busy). No explicit noise or crowd description; own site returned 404.",https://www.eazydiner.com/bengaluru/nyx-lounge-cafe-mg-road-central-bengaluru-683754,2,
Eywa,quiet,stated,high,quiet,,,"Own site: a slow-living space where food, coffee and a sense of calm come together; invite to slow down and work from a favourite corner. Articles also say no loud music, calm.",https://eywacafe.com/pages/about-us,2,
Lazy Suzy,,,low,mixed,,,"One review says cheerful but a little noisy and it fills up after early afternoon; another calls it soothing. Cues conflict and are vague.",https://www.tripadvisor.in/ShowUserReviews-g297628-d10047829-r525057774-Lazy_Suzy-Bengaluru_Bangalore_District_Karnataka.html,1,
Cafe 60 Four 2.0,quiet,inferred,medium,quiet,,,"Reviews call it a peaceful abode with a peaceful environment and spacious low seating. Popular hangout for groups is a minor counter-cue.",https://www.tripadvisor.in/Restaurant_Review-g297628-d8574436-Reviews-Cafe_60_Four-Bengaluru_Bangalore_District_Karnataka.html,1,Evidence is mostly for Cafe 60 Four in Yelahanka; 2.0 match not separately confirmed
